customer_id,name,gender,age,registration_channel,registration_date,total_transactions,total_spend,avg_transaction_value,last_transaction_date,total_points_earned,total_points_redeemed,current_balance,status
1a4a26c3-2207-4396-b175-be712100e243,Kevin Thompson,Male,19,Offline,2022-07-01,10,22390.49,2239.049,2024-03-19,1853,0,1853,Inactive
68fcf654-16a0-4e63-baef-ac161ba0aad5,Charles Mckee,Male,32,Online,2021-03-23,10,27132.31,2713.231,2024-01-23,2743,618,2125,Inactive
7231d7ba-0c7e-40a6-9cca-5c3321552882,Kevin Wade,Male,61,Online,2022-01-31,13,33696.06,2592.004615384615,2023-07-15,1982,517,1465,Inactive
527395b0-d07f-4afa-aecd-3876c0939ff9,Ronald Phillips,Female,20,Online,2022-01-15,9,29789.53,3309.9477777777774,2023-04-12,3989,1423,2566,Inactive
470d3c0f-4102-4cbd-bb46-69e79832d3dc,Dr. Michelle Reyes,Male,31,Online,2023-12-06,10,28746.57,2874.657,2024-04-24,2943,650,2293,Inactive
2bcf7803-578f-4a67-b35f-8ea4e3c29a93,Diane Alvarado,Male,53,Online,2024-02-19,14,41099.69,2935.692142857143,2024-04-22,2013,501,1512,Inactive
b7fa0016-ba05-4ae7-abfd-6b56be17071a,Eric Shaw,Female,32,Offline,2020-11-09,13,29960.86,2304.6815384615384,2024-02-21,2666,312,2354,Inactive
cf6a59d0-092b-466b-9996-9a8aa5bfa249,Rebecca Aguirre,Female,69,Online,2021-01-24,14,34971.93,2497.995,2024-03-14,3031,1055,1976,Inactive
12683043-fd21-4a16-8fcd-208b1d13cfd4,David Lewis,Male,62,Offline,2020-11-01,18,50412.87,2800.715,2024-04-02,3340,1349,1991,Inactive
c1e5b044-0718-44b4-9a75-406fbf961369,Robert Johnson,Female,35,Online,2021-10-26,10,24246.37,2424.6369999999997,2023-08-20,2398,217,2181,Inactive
d27ad128-8cdc-44bd-8e4c-982f7e394f24,Dr. Regina Gay,Male,66,Offline,2024-02-05,15,44758.97,2983.9313333333334,2024-02-09,1290,650,640,Inactive
e3c992f2-6643-4c19-95b8-343b07f90996,Elizabeth Walters,Male,23,Offline,2023-08-17,16,48807.44,3050.465,2023-10-04,2400,548,1852,Inactive
39a86ff2-39b0-4d29-a2b0-68b647735edd,Joshua Curtis,Male,40,Offline,2022-01-04,9,20425.82,2269.5355555555557,2023-12-23,2355,487,1868,Inactive
744a241a-d59c-42da-94cd-47f710345167,Ashley Andrews,Female,69,Online,2022-07-30,12,27808.78,2317.398333333333,2023-09-20,3699,287,3412,Inactive
46526e86-8c67-40b4-a113-aae44d89a316,Gina Henderson,Female,52,Online,2023-05-21,11,24756.73,2250.6118181818183,2023-12-13,1781,535,1246,Inactive
2c50c83a-1269-4931-b8fd-ce6cd01a2210,Joseph Bennett,Female,23,Offline,2020-10-12,9,17814.41,1979.378888888889,2024-01-13,2024,583,1441,Inactive
8f319c60-edca-4e9b-8be5-7b95e0ea3094,Robert Bowen,Female,54,Online,2024-02-03,17,45884.44,2699.084705882353,2024-04-19,3541,579,2962,Inactive
833bbeb4-9a8c-418b-830f-e30b3ad499e0,Stuart Bates,Male,20,Online,2023-02-26,8,20269.77,2533.72125,2023-07-07,1082,299,783,Inactive
4b7dc8d7-88bb-4330-95c2-3275257ab585,Jody Ball,Female,23,Online,2022-12-28,14,46562.21,3325.872142857143,2023-07-28,2148,456,1692,Inactive
ddb47f25-a065-4a40-ac2e-910c4f5742e4,Terry Lawson,Male,42,Offline,2024-03-07,9,22153.96,2461.551111111111,2023-08-13,2981,733,2248,Inactive
23cc9600-b70b-4b94-83f3-d95b34dddc62,Keith Shields,Female,58,Offline,2023-11-10,10,24818.37,2481.837,2024-02-14,2075,853,1222,Inactive
7916fccb-4df2-4462-94b2-a581cbdb1286,Clinton Carr,Male,41,Offline,2022-06-20,10,24291.9,2429.19,2024-03-05,2549,104,2445,Inactive
a91406ea-8c63-45e6-ace7-fc7c5c6c78f6,William Townsend,Male,60,Offline,2021-09-08,10,27136.68,2713.668,2024-04-02,2942,333,2609,Inactive
94c8c53e-8b93-4d7b-abba-a189bfb056a7,Timothy Kemp,Male,56,Online,2021-07-30,10,22192.010000000002,2219.201,2023-05-01,4056,1050,3006,Inactive
3642858f-5466-496c-99fe-943ea6a8bdb0,Cynthia Mccormick,Male,28,Offline,2020-11-14,7,24196.82,3456.6885714285713,2023-08-09,2992,779,2213,Inactive
10e12b85-b068-40f6-a95d-4f2fb511c05c,Thomas Lopez,Female,35,Online,2021-08-27,14,35151.2,2510.7999999999997,2024-03-25,3608,715,2893,Inactive
e82ddaa3-c7b6-40ae-880c-e12a045d1865,Larry Rodriguez,Female,67,Online,2024-04-02,15,39749.39,2649.9593333333332,2023-12-06,1846,679,1167,Inactive
124c613a-55d0-4752-9850-7786162f596d,Kevin Baker,Male,70,Online,2023-05-10,21,48262.67,2298.2223809523807,2024-04-13,2538,604,1934,Inactive
78b76bc1-ae1a-4fda-a960-0eedc7dac9d8,Danielle Carpenter,Female,43,Offline,2021-07-03,14,38050.11,2717.8650000000002,2024-04-25,2109,426,1683,Inactive
f9fb0244-6709-4233-97de-9e0911c27303,Alicia Nicholson,Male,31,Offline,2021-09-05,5,12066.85,2413.37,2023-07-13,1740,275,1465,Inactive
03119e07-57e9-450d-9198-0b2c8b3d4dc9,Tamara Leonard,Male,59,Offline,2023-09-22,15,32237.93,2149.1953333333336,2024-03-03,2186,300,1886,Inactive
77e3f057-1ce9-428c-9622-9c2580dd13ba,Justin Santiago,Female,59,Offline,2023-05-09,11,29975.81,2725.0736363636365,2024-04-10,2237,479,1758,Inactive
e8cafe00-01b2-4e70-a63b-c82f2362a234,Anthony Campbell,Male,34,Online,2023-05-25,13,32853.1,2527.1615384615384,2023-08-28,2100,894,1206,Inactive
9d942fdb-ee98-4033-ae6f-318b7b5a1ae5,Kayla Benson,Male,65,Offline,2023-03-09,13,33836.51,2602.808461538462,2024-04-21,1812,95,1717,Inactive
51678582-d982-4e11-a81b-d8286254db8a,Michele Gamble,Female,55,Offline,2021-12-04,11,29676.149999999998,2697.831818181818,2023-11-07,3210,1288,1922,Inactive
77666bc8-b04b-497c-bef2-f8cae0e56953,Sandra Garcia,Female,32,Online,2021-01-24,5,11956.9,2391.38,2023-01-11,2100,282,1818,Inactive
630b420b-d4e6-4f9f-acdb-f486f8713588,Carla Kim,Female,23,Online,2023-09-22,5,15449.86,3089.972,2024-02-13,2556,780,1776,Inactive
1d24a3a7-004a-4ea1-b754-e2d2342cb99a,Rodney Zavala,Male,27,Online,2022-11-25,11,29839.01,2712.6372727272724,2022-11-29,3296,614,2682,Inactive
ef7be7d6-4aa1-437f-a88b-5114201d0895,Ann Collins,Female,56,Online,2023-07-07,13,39827.16,3063.6276923076925,2024-04-07,2667,285,2382,Inactive
a623e23c-3df3-41aa-9c6e-8ac62ba1675b,Aaron Brown,Female,42,Offline,2020-12-12,11,27189.5,2471.7727272727275,2024-01-19,3023,105,2918,Inactive
0c6b5953-8611-4dec-8551-0ebf8df6d9e5,Nicole Mercer,Female,53,Online,2023-09-07,13,34821.7,2678.5923076923073,2024-03-05,3528,776,2752,Inactive
a352ffa7-b119-4d72-bcb7-6f8037af9349,Scott Hayden,Male,61,Offline,2020-10-22,9,24034.760000000002,2670.528888888889,2023-12-23,902,319,583,Inactive
8ccafa8b-cba9-411d-966a-b6dabeed23ba,Mary Herring,Female,25,Offline,2021-09-15,9,18698.72,2077.6355555555556,2024-02-17,4061,982,3079,Inactive
f567e200-068e-4339-b985-a9f2e517b6a7,James Brown,Female,28,Offline,2021-05-23,17,37640.27,2214.1335294117644,2023-09-21,2976,593,2383,Inactive
21f480b3-1ed0-4a28-8c23-289696070225,Angel Duncan,Male,64,Offline,2023-12-20,11,25462.13,2314.739090909091,2024-04-26,3802,200,3602,Inactive
3a035278-6338-4b06-9ea2-3a5cf21a2340,Allen Butler,Male,50,Online,2023-07-17,10,23397.02,2339.702,2024-02-11,2570,488,2082,Inactive
9c866cd6-6d5b-4836-b019-1505b561fe37,Kevin Brown,Female,58,Online,2021-05-19,8,21986.02,2748.2525,2023-11-06,2761,480,2281,Inactive
ae9bcb53-2583-4271-b570-d1ee50434f58,Don Russell,Male,41,Online,2022-09-28,17,41854.67,2462.0394117647056,2024-02-05,1343,361,982,Inactive
d83d58bb-af61-4f1f-b8de-0ec513bd5952,Sarah Anderson,Male,56,Offline,2022-06-16,8,22721.83,2840.22875,2023-10-28,2371,304,2067,Inactive
5b3c6702-f065-4972-b8b8-2f41f67e4994,Jacqueline Wells,Female,19,Online,2023-10-25,21,41544.85,1978.3261904761905,2024-02-19,1289,66,1223,Inactive
c4b4bd93-acad-45f2-9dd2-419d948bdeae,Angela Stewart,Female,69,Offline,2021-08-09,8,20646.420000000002,2580.8025000000002,2024-03-16,1967,658,1309,Inactive
c22e0dfd-0817-4256-8139-a855642b390e,Amy Moran,Male,21,Online,2020-05-03,20,48054.89,2402.7445,2024-02-15,4129,1309,2820,Inactive
01c333d3-c6ba-493f-ad20-7164856c1a78,Dakota Hebert,Male,23,Offline,2022-12-15,15,26200.62,1746.7079999999999,2024-04-14,3582,1480,2102,Inactive
67048651-58d3-483d-b04d-51f06fb9304e,Alice Cortez,Male,66,Online,2022-04-17,10,21286.62,2128.662,2023-01-21,3166,552,2614,Inactive
482987c7-f9b8-4cec-b00b-c499c797e287,Shawn Ellis,Male,60,Offline,2023-11-14,11,20945.13,1904.1027272727274,2024-02-03,2918,1258,1660,Inactive
ddaa3e2f-5623-4a92-a070-522dcb204bf4,Todd Huffman,Male,34,Offline,2021-11-28,18,37588.8,2088.266666666667,2024-01-11,3666,804,2862,Inactive
4c2c329d-5f5e-4ec6-bb58-0fe2761cd869,Arthur Jefferson,Male,52,Online,2022-02-24,11,25399.6,2309.0545454545454,2023-06-19,2944,1194,1750,Inactive
26ad6ee6-0670-4998-950c-929d6cc8d57c,Kayla Townsend,Female,43,Offline,2021-07-18,9,24609.010000000002,2734.3344444444447,2024-01-05,2836,374,2462,Inactive
efc7827e-c743-4021-bbb2-ce481dbe310f,Elizabeth Rocha,Female,51,Offline,2021-04-07,12,25779.13,2148.2608333333333,2023-12-19,2253,876,1377,Inactive
f1cd576f-630d-4f68-8618-3c196c362163,Sarah Green,Male,33,Online,2020-06-02,9,18584.23,2064.9144444444446,2023-05-26,969,135,834,Inactive
cdbeebcc-a126-4f4f-b412-6f71c83889c6,Yolanda Finley,Male,39,Online,2024-03-08,5,12918.75,2583.75,2024-01-20,1896,665,1231,Inactive
8a71bbf2-611b-411f-aec9-9cf666a577b7,Robin Bowman,Male,55,Online,2023-03-13,14,34684.12,2477.437142857143,2023-12-17,2553,467,2086,Inactive
208304dd-b29c-4ac8-a3e7-df03ea7db257,Bethany Clarke,Male,22,Online,2020-05-22,17,42483.99,2499.0582352941174,2024-02-18,1733,481,1252,Inactive
5a0b26d6-cb3a-4f00-aef6-f1ec34759620,William Smith,Male,22,Online,2022-03-15,14,35560.61,2540.0435714285713,2023-12-28,813,27,786,Inactive
1a52a4cc-b16c-4126-b37e-22bc58a63f50,Cindy Grant,Female,22,Online,2022-04-03,12,33912.39,2826.0325,2023-11-07,1603,557,1046,Inactive
d0def92b-1a21-41fb-a1a0-e596a956a334,Donald Raymond,Female,60,Offline,2023-10-13,15,42827.0,2855.133333333333,2023-11-09,2855,330,2525,Inactive
e5ce1523-6064-43e5-b986-50af0dfef3d4,Patricia Hill,Male,52,Online,2020-09-06,12,34517.05,2876.4208333333336,2023-02-14,2679,138,2541,Inactive
29ae28f0-d3fb-4714-9e27-7d5b25ccdd68,Rebecca Mendoza,Female,33,Offline,2022-10-15,11,32058.75,2914.431818181818,2023-10-31,3151,639,2512,Inactive
7606a0ef-e0bf-4f34-939f-d6719451d1cd,Cindy Taylor,Female,30,Online,2023-04-25,11,24083.420000000002,2189.4018181818183,2024-02-04,2041,774,1267,Inactive
68a674af-f350-469e-9dd3-d239c04a3256,Angela Wu,Male,60,Offline,2023-12-21,11,28909.03,2628.093636363636,2024-01-02,4618,1143,3475,Inactive
b43c4e9e-22aa-48d8-a3af-c5b7df41ed09,Andrew Cooke,Female,45,Offline,2021-04-06,16,43525.57,2720.348125,2024-03-26,1601,741,860,Inactive
3b3ddc50-8c94-41eb-90ac-e9d615c41b9e,John Jenkins,Female,64,Online,2023-04-17,12,30244.38,2520.3650000000002,2024-04-14,4130,99,4031,Inactive
4dc92d79-7aa4-4280-938b-3c40e667c969,Jennifer Malone,Male,21,Offline,2021-09-04,12,33869.79,2822.4825,2024-04-03,4001,966,3035,Inactive
753dc326-82fc-40fc-8c23-2acc4bdb8b7b,David Lopez,Female,69,Online,2022-02-13,14,33423.6,2387.4,2023-08-31,3043,699,2344,Inactive
85e5e984-68dc-49ac-9fe7-0e1c19aaf6b9,Julie Scott,Male,30,Online,2022-12-23,7,18712.84,2673.2628571428572,2024-04-19,737,25,712,Inactive
a389e398-33e6-4920-94e7-e36ee97e0f18,Mrs. Lisa Wolf MD,Female,26,Offline,2021-08-08,19,40727.6,2143.557894736842,2024-03-23,3479,805,2674,Inactive
05bad2a4-2cb2-4b2d-899a-7825f958663b,Benjamin Coffey,Male,35,Offline,2022-07-26,9,35471.03,3941.2255555555553,2024-04-21,4234,796,3438,Inactive
9a5d24c2-618e-4bef-b479-f46418615af0,Brittany Evans,Male,22,Offline,2021-02-14,9,19175.82,2130.6466666666665,2024-01-31,1019,245,774,Inactive
4ff72703-c09f-410e-9bbe-927ce8c98cd9,Gregory Wang,Male,21,Online,2021-05-11,11,17026.7,1547.8818181818183,2023-06-07,2086,861,1225,Inactive
60809de2-52cb-4080-9dc1-356ffe51374b,Julie Fields,Male,66,Online,2024-01-05,12,30350.3,2529.1916666666666,2024-01-09,1493,710,783,Inactive
9b5642b8-a6e4-4c73-9453-6ce323db73a4,Penny Gonzalez,Male,44,Offline,2020-05-24,8,19378.38,2422.2975,2023-11-22,2103,686,1417,Inactive
54a13ede-dfe6-46ad-8f69-fbb9a438aea6,Jessica Rivera,Female,31,Offline,2023-04-19,7,19818.19,2831.1699999999996,2023-10-02,3181,1516,1665,Inactive
b14f54c1-a68a-45cc-8946-b6a2949b5247,Elizabeth Rodriguez,Male,28,Offline,2021-10-24,15,34368.83,2291.2553333333335,2024-01-25,1620,19,1601,Inactive
63e36008-ac02-4879-8499-2feb05aa3a49,Julia Harris,Male,42,Offline,2020-10-09,15,42669.909999999996,2844.660666666666,2023-04-30,1636,239,1397,Inactive
876520e7-d06f-4db2-b2a5-bf494f8306b9,Michelle Moss,Female,36,Offline,2021-04-19,13,33411.59,2570.1223076923075,2024-04-05,3606,777,2829,Inactive
af6afa2d-40d5-4e42-b1cd-42385924baaf,Brian Jensen,Female,27,Online,2021-09-08,21,56923.25,2710.6309523809523,2024-03-16,1187,215,972,Inactive
cc335c05-e175-4f3c-800b-d96a5b42a21b,Melissa Callahan,Female,31,Online,2023-04-29,11,27127.93,2466.1754545454546,2023-12-25,2746,587,2159,Inactive
1088b450-8f90-457f-8b8c-b3b433892291,Justin Williams,Male,65,Offline,2024-01-22,15,36992.72,2466.1813333333334,2024-02-09,2651,1042,1609,Inactive
b5afd5dd-0115-4752-b88f-3cc54222b083,Angelica Mitchell,Male,21,Offline,2021-08-11,11,28448.059999999998,2586.1872727272726,2023-12-28,1918,377,1541,Inactive
cf0d35b1-a257-4754-9248-748a8b7b8b08,Tyler Gutierrez,Male,21,Online,2023-07-07,9,18225.05,2025.0055555555555,2024-04-16,2701,1035,1666,Inactive
9cc02b5d-6a65-4619-a014-0e15cf5d1e4b,Jeffrey Padilla,Male,22,Online,2024-04-01,17,47691.44,2805.378823529412,2024-03-31,1650,335,1315,Inactive
d76f1385-fb16-407e-8957-ace367e377ae,Stephanie Thomas,Male,43,Online,2021-05-04,17,49857.11,2932.771176470588,2024-03-26,3508,1256,2252,Inactive
5222d2d2-ab83-4bb7-956e-d97937c54182,Daniel Daniels,Male,55,Online,2021-03-28,13,35323.54,2717.1953846153847,2024-04-13,3165,604,2561,Inactive
f5f0d5dc-c1ba-45ac-8a3a-08220205a406,Holly Wright,Male,44,Offline,2021-08-28,13,29356.93,2258.2253846153844,2024-03-29,3196,1054,2142,Inactive
ff704f3c-15cb-433b-bc32-4f7a981e8511,Adrienne Burnett,Female,31,Offline,2020-07-16,12,34155.3,2846.275,2024-02-29,3499,378,3121,Inactive
df39578e-0afb-48ba-85ef-8f1eb65fb9d1,Daniel Castillo,Male,34,Offline,2023-01-18,17,44638.58,2625.798823529412,2024-04-19,3585,723,2862,Inactive
9734aa86-9e64-4881-8c0e-93610d93a6de,Christine Tran,Male,60,Offline,2022-05-04,14,29673.09,2119.5064285714284,2024-04-17,2817,845,1972,Inactive
7ee16e03-9a21-456e-9ecc-64a68513a181,Shaun Andersen,Female,38,Online,2023-09-06,8,18064.12,2258.015,2023-03-13,804,46,758,Inactive
61df8168-e62c-421a-9970-c530eff973c1,Kristy Ruiz,Male,47,Online,2021-07-24,17,43880.939999999995,2581.231764705882,2024-02-09,3840,989,2851,Inactive
5e0aba82-6834-4cb8-8b0d-0a572093a841,Kevin Gonzalez,Male,52,Online,2022-03-10,15,33173.83,2211.588666666667,2024-02-14,2671,1322,1349,Inactive
2f631ca5-d78e-4ff1-bc38-2ff10103eed7,Mr. Aaron Gonzales MD,Female,26,Offline,2021-12-09,11,19355.96,1759.6327272727272,2023-12-06,2613,1107,1506,Inactive
7abd74d5-6225-43d9-a7a4-0a2cc5df96af,Jordan Pitts,Male,33,Offline,2020-11-13,15,36622.18,2441.478666666667,2023-05-24,3399,909,2490,Inactive
48b9de42-dc95-48ff-8e22-7bf06eb4bda0,Marc Schmidt,Female,28,Offline,2021-02-15,16,30956.489999999998,1934.7806249999999,2024-02-22,1905,878,1027,Inactive
7a44594f-56da-46a2-b97a-1a186a722538,Lauren Escobar,Female,57,Online,2020-11-30,7,17060.55,2437.2214285714285,2023-07-03,1748,500,1248,Inactive
53354358-5761-4d62-8c2f-e0e3e09d82ce,Paula Williams,Female,60,Online,2022-02-21,15,39402.41,2626.8273333333336,2024-03-24,2583,685,1898,Inactive
86b7a178-c2cc-4d6a-8649-e72e125d6f26,Emily Anderson,Male,34,Online,2023-09-07,15,41445.56,2763.037333333333,2024-03-27,3180,1157,2023,Inactive
a9b73d66-7ad9-438d-b1bb-a7eed9795881,Denise Quinn,Male,65,Online,2022-02-06,7,18366.63,2623.804285714286,2024-04-16,2661,297,2364,Inactive
6129d022-7280-42ea-a3d0-1d67654c62ce,Brittany Arnold,Female,36,Online,2021-09-22,14,33289.31,2377.807857142857,2024-03-22,2441,1084,1357,Inactive
11be8267-8836-4f03-92f8-51f9720a6852,Timothy Mendoza,Female,31,Offline,2023-02-01,9,19643.35,2182.5944444444444,2024-03-21,3587,1032,2555,Inactive
b9640665-c88c-4bca-9de0-bbd5bbd0b67e,Michael Phillips,Female,34,Online,2020-06-06,8,20099.37,2512.42125,2023-06-26,2792,828,1964,Inactive
a9a63d66-8818-4847-b775-7f3136a5937e,Ronald Leach,Male,58,Offline,2022-09-23,12,36594.77,3049.5641666666666,2023-03-22,2215,635,1580,Inactive
9f0b8ad5-172d-4f4f-bfb4-b15deacd16a1,Jose Porter,Female,20,Online,2021-02-01,9,26255.739999999998,2917.304444444444,2024-02-29,2711,568,2143,Inactive
2d7f7e27-850f-4211-9e27-adbeb894df79,Lawrence Meyers,Female,67,Online,2020-12-11,8,24943.51,3117.93875,2023-09-14,3757,388,3369,Inactive
8b562ac6-e9cf-402f-b1ef-52fab65fc662,Jason Dominguez,Female,28,Offline,2021-05-24,8,25061.71,3132.71375,2023-11-28,3287,909,2378,Inactive
288f7c35-cccf-4b78-9451-252198c4a140,Matthew Spencer,Female,53,Online,2020-06-09,11,19667.670000000002,1787.9700000000003,2024-03-26,2741,904,1837,Inactive
4492e0a1-02d7-48b3-a2b5-20440f98bb2c,Christopher Hayes,Male,22,Online,2023-08-29,14,36162.61,2583.0435714285713,2024-03-08,1091,336,755,Inactive
e8e0ed1c-d2f6-4edb-abdb-ec7c5bad3873,Zachary Lloyd,Male,41,Online,2021-09-11,8,20490.5,2561.3125,2023-12-15,2122,579,1543,Inactive
5a7a4aa5-6e54-45d6-9469-f467fde65c67,Lindsay Poole,Female,26,Online,2021-09-27,12,28904.9,2408.741666666667,2024-02-14,2369,761,1608,Inactive
e3b0e046-0442-4459-979e-c959587fecf8,James Martinez,Female,41,Online,2022-04-16,7,19160.66,2737.2371428571428,2024-03-10,2278,113,2165,Inactive
603de268-1da8-4e98-9e6c-f8f947b79f22,Robert Lane,Female,31,Online,2020-08-22,7,14952.5,2136.0714285714284,2024-01-06,2220,329,1891,Inactive
80a05118-f331-48cc-bdd6-604fb0a0056f,Cindy Vaughn,Male,40,Offline,2021-12-09,13,35572.020000000004,2736.309230769231,2022-12-06,2069,76,1993,Inactive
fb9cbf32-2eaf-4ad3-a85a-b9b6950c63e3,Courtney Green,Male,33,Online,2020-05-04,13,29623.21,2278.7084615384615,2023-07-05,1309,380,929,Inactive
df1dee10-2a37-4e6e-ba43-d15426d2006a,Jeremy Adams,Male,44,Online,2022-02-15,5,15110.23,3022.046,2023-10-12,2039,302,1737,Inactive
e45f80cc-353b-4437-a07f-cd517e230ecd,Tracy Brady,Male,65,Offline,2021-06-04,22,63279.97,2876.3622727272727,2024-04-16,1775,499,1276,Inactive
66f6509a-ae62-4fcd-92d2-2c74d53a51f2,Matthew Guzman,Female,69,Online,2022-10-06,14,31110.48,2222.177142857143,2024-04-06,2695,950,1745,Inactive
22cf83db-ab4a-43d5-805f-deb7ce2b93bb,Michael Butler,Female,28,Online,2024-03-15,20,55605.5,2780.275,2024-01-18,2550,372,2178,Inactive
1319649d-85b3-4848-aa11-b3f83b50fabe,Marcus Wilson,Female,20,Offline,2021-10-18,10,29034.010000000002,2903.4010000000003,2024-01-14,5299,1437,3862,Inactive
13b4bfb8-9f19-4426-9a3c-101535a3369e,Angelica Graves,Male,30,Offline,2022-07-27,8,14411.04,1801.38,2023-10-22,2258,519,1739,Inactive
2b8f949b-7f1a-4668-9c79-e632918d95c9,Ellen Torres,Female,37,Online,2023-11-30,10,28631.61,2863.161,2024-04-27,2143,457,1686,Inactive
5a8d1bda-9ef5-4510-b26b-e33756c97c5d,Jennifer Mccormick,Male,19,Online,2020-12-29,13,39857.55,3065.9653846153847,2024-04-09,3758,545,3213,Inactive
8dfec653-d824-448a-b9bf-3936c4fa1890,Dorothy Mcdonald,Female,39,Offline,2023-02-18,12,31152.13,2596.0108333333333,2024-01-13,2783,697,2086,Inactive
6c0d8a41-809b-4d93-98b4-ba1a838d167c,Bonnie Smith,Male,67,Offline,2023-03-02,10,23186.88,2318.688,2023-12-11,2909,667,2242,Inactive
4f6e878f-7860-4d93-b08f-29d573367c37,Melinda Jones,Female,59,Offline,2021-04-20,9,24973.12,2774.791111111111,2024-04-19,3184,216,2968,Inactive
35cc919a-10eb-43d7-ad57-c0878ea7f268,Jessica Newman,Female,19,Online,2022-07-02,14,36649.64,2617.8314285714287,2024-02-05,3801,1641,2160,Inactive
c915840f-6e54-45cb-9fda-4bb15d00f93d,Jason Espinoza,Female,29,Offline,2020-10-07,11,26552.2,2413.836363636364,2024-04-10,1820,748,1072,Inactive
f9e82cfc-01c3-4fb2-a421-cef7bd83f9c8,Amy Baker,Male,24,Offline,2023-12-17,7,13076.130000000001,1868.0185714285715,2023-12-16,2476,866,1610,Inactive
ff3e381b-6958-409d-81f0-ffa1b086462c,Scott Morris,Female,64,Offline,2021-03-14,8,17671.21,2208.90125,2023-12-20,1897,479,1418,Inactive
adea0b32-6044-4d91-b48f-102f010a5bbf,Laura Stuart,Female,56,Online,2023-11-07,18,47270.43,2626.135,2024-02-04,3426,1040,2386,Inactive
6b457f21-f0c9-428e-a8aa-e6ef8278efda,Anthony Smith,Female,54,Online,2022-11-30,10,19867.55,1986.7549999999999,2023-08-28,2915,1016,1899,Inactive
19b2cf07-8c33-4d56-97cc-61ac94b87bd2,Kimberly Taylor,Female,20,Offline,2024-02-11,13,39103.66,3007.9738461538464,2024-02-15,1406,438,968,Inactive
2dd5111c-c2a6-421d-9c44-b35059f10848,Kathryn Jackson,Male,51,Online,2023-09-16,14,31461.530000000002,2247.252142857143,2023-11-24,3244,869,2375,Inactive
d648fa3c-1e42-4030-aa5b-2cb57bd49929,Ralph Martinez,Female,45,Online,2024-03-29,15,36098.72,2406.5813333333335,2024-01-17,835,94,741,Inactive
0b34e621-3c61-445a-b7ed-2770560082f0,John Miles,Female,57,Offline,2023-04-09,14,39056.22,2789.73,2024-03-17,2827,367,2460,Inactive
2763f0e5-bc4d-49b9-912e-5a0e40712e6c,Joshua Deleon,Male,64,Offline,2023-08-02,8,19423.510000000002,2427.9387500000003,2024-03-25,1674,406,1268,Inactive
cdf47ad9-6958-4a3f-b1cc-993c9607a3a6,Stephen Zavala,Female,60,Offline,2020-08-19,10,28226.170000000002,2822.617,2023-05-23,2232,262,1970,Inactive
5beb6460-e006-4afd-b7fd-8ea927233879,Nicolas Alvarez,Female,43,Offline,2022-07-09,18,45491.03,2527.2794444444444,2024-04-12,4968,1254,3714,Inactive
ff742980-3240-4ee2-8e62-12088240dff7,Rachel Santos,Male,30,Offline,2021-12-17,13,29484.670000000002,2268.0515384615387,2024-04-21,2214,296,1918,Inactive
6eda1c38-ea09-4b56-8096-ade8b92c97d9,Danielle Stevens,Female,61,Online,2024-04-20,14,28056.420000000002,2004.0300000000002,2024-02-20,1186,619,567,Inactive
c2f5f1d8-b68f-4a63-afd5-34ea1ec9238a,Brett Schmitt,Female,43,Online,2022-07-20,18,38779.05,2154.391666666667,2023-11-18,3977,836,3141,Inactive
11e5fb9e-7fcb-4d3b-8c0f-b83c19540404,Robert Wilson,Female,36,Online,2023-12-05,7,20021.39,2860.1985714285715,2024-01-26,3242,875,2367,Inactive
de545a1e-737f-4504-ab95-54c83068a9fd,Brian Davis,Female,68,Offline,2022-06-22,18,38293.55,2127.4194444444447,2024-03-02,1139,342,797,Inactive
4329d18f-e7be-463f-8e7d-d827ece4e859,Richard Glover,Female,46,Offline,2023-12-09,14,24096.94,1721.2099999999998,2024-02-21,2098,844,1254,Inactive
70bb7462-e06e-458e-806c-8bd7e77f8ce8,Ann Jimenez,Male,50,Offline,2022-02-25,13,34694.619999999995,2668.8169230769226,2024-04-08,2012,419,1593,Inactive
8fbd87db-dd82-4dde-91cf-e6ccf92912af,Jessica Rocha,Male,60,Online,2023-11-20,22,50156.3,2279.831818181818,2024-03-11,4129,1193,2936,Inactive
ccc8aa77-3b18-463f-8acf-361c213112c6,Cynthia Williams,Female,50,Offline,2024-04-05,13,36047.69,2772.899230769231,2024-04-10,4341,1011,3330,Inactive
10e11366-3c71-4ea7-842f-ea037b1b3ff1,Michael Jones,Male,70,Online,2020-12-07,18,41233.59,2290.7549999999997,2024-01-14,1196,305,891,Inactive
2941c59b-6545-4793-b73d-1ddb4a875b10,William Maldonado,Female,32,Online,2022-11-09,7,17627.440000000002,2518.2057142857147,2024-02-12,3809,548,3261,Inactive
7026f06c-f793-4d3e-b0a1-2038f08b0eb9,Brian Price,Male,19,Online,2024-02-23,11,23825.96,2165.9963636363636,2024-04-21,3886,471,3415,Inactive
71a5ff9e-d12e-432c-b7be-84a13083fdbf,Jeremy Gutierrez,Male,48,Online,2022-01-25,12,33271.88,2772.6566666666663,2023-04-19,1533,338,1195,Inactive
d705f631-fbec-4def-990b-261adf5f18d6,Steve Colon,Female,44,Online,2021-02-15,8,20284.93,2535.61625,2023-09-09,3063,1284,1779,Inactive
85f4e427-9c37-4ba7-951d-a0a90b664f99,Shelley Rose,Female,49,Offline,2023-01-10,14,38048.74,2717.7671428571425,2024-03-01,2187,939,1248,Inactive
171cef6f-ca89-4f50-8782-e35fd7167058,Olivia Downs,Male,27,Online,2022-04-10,8,19781.64,2472.705,2024-04-06,3551,1743,1808,Inactive
6295a9c1-6bfe-4ccc-a363-0b125ab5d89e,Daniel Navarro,Male,67,Offline,2022-03-20,14,35503.97,2535.9978571428574,2024-03-11,3157,727,2430,Inactive
3375383e-af86-410e-aced-cf105e08f995,Daniel Miller,Male,29,Offline,2021-04-26,11,35219.03,3201.73,2023-10-22,2066,613,1453,Inactive
164cbe8a-975f-44b8-937d-630ada115509,Nicholas Johnson,Male,53,Online,2021-07-17,19,41688.01,2194.105789473684,2024-02-24,4601,837,3764,Inactive
e03b77bf-1296-4778-9b08-049eec2fad9b,Tonya Harrell,Male,47,Online,2021-02-27,14,41036.22,2931.1585714285716,2023-09-15,3418,337,3081,Inactive
7e770c83-e548-4057-af03-13b8f4a325bf,Thomas Fischer,Female,60,Offline,2023-01-06,16,42557.1,2659.81875,2023-05-23,848,489,359,Inactive
55c50d6c-8e2d-4b6c-b517-9706f532732e,Christopher Merritt,Female,57,Offline,2023-02-23,18,48183.26,2676.847777777778,2024-02-08,2377,460,1917,Inactive
a9fdbcc3-fb3b-46f2-8873-3c66242249f2,Blake Mahoney,Female,28,Offline,2021-10-16,12,27988.43,2332.369166666667,2023-01-26,4533,1326,3207,Inactive
eb0a2065-c938-4851-aa98-01d5ee84e872,Megan Wallace,Female,34,Online,2020-07-15,16,33758.67,2109.916875,2024-03-05,1615,156,1459,Inactive
9e4795bc-b2bb-493e-9407-2835247d9178,Brian Weber,Female,67,Offline,2022-08-12,9,23245.870000000003,2582.8744444444446,2024-01-23,1641,602,1039,Inactive
a6212807-d6ce-490c-9fec-8a174720a535,Evan Malone,Male,35,Offline,2023-04-07,8,12572.08,1571.51,2024-03-25,3654,1920,1734,Inactive
252fbd54-f1f1-4cd0-a43a-31b044f2909e,Joshua Chambers,Male,63,Offline,2023-10-01,14,41390.01,2956.429285714286,2024-02-14,4077,1412,2665,Inactive
0254056d-cc0b-4fed-98f3-8a7934723863,Ana Wright,Male,35,Offline,2020-10-30,15,38397.99,2559.866,2024-04-01,2354,670,1684,Inactive
c59060fa-abaf-41d7-aaba-91a4f21a9425,Kenneth Dixon,Female,52,Online,2021-07-26,12,26898.61,2241.5508333333332,2024-03-24,2104,819,1285,Inactive
631c1e24-b8a0-49ce-8576-77637f6479a3,Jonathan Hodges,Male,27,Online,2020-11-15,11,32630.97,2966.4518181818185,2024-04-01,1852,253,1599,Inactive
706f7cc7-5f01-43bf-b01f-f3b760eded02,Gregory Porter,Female,62,Online,2022-09-03,16,43750.47,2734.404375,2024-02-26,2434,785,1649,Inactive
8c26a97a-1968-4819-85cf-661edf84acb6,Jamie Oconnor,Male,22,Offline,2020-12-11,12,43416.659999999996,3618.055,2023-12-29,2024,390,1634,Inactive
4989fd9e-b55a-4f02-a629-3a45d0b34083,Roy Jones,Female,39,Offline,2023-07-16,8,24564.77,3070.59625,2023-09-09,1942,740,1202,Inactive
1d21d825-a819-47b6-911c-84549ae061d2,Cheryl Keller,Female,21,Online,2023-12-06,10,31399.36,3139.936,2023-08-28,3164,752,2412,Inactive
8935e490-75e2-41a5-91c7-f4d4b0188a66,Elizabeth Diaz,Female,42,Online,2023-01-10,6,15102.460000000001,2517.076666666667,2023-10-07,2259,257,2002,Inactive
e44e7ebd-24cd-42ab-9c12-6c68e4cdac6f,Patricia Chavez,Female,48,Online,2021-09-11,10,26174.03,2617.403,2024-04-26,1739,504,1235,Inactive
6b52f000-67a4-43d5-82e4-fbd78a31c402,Bruce Gilmore,Female,37,Offline,2021-04-10,10,23123.11,2312.311,2023-11-15,3414,1308,2106,Inactive
92c50032-4d22-4070-8232-5f30335800d8,John Hunter,Female,52,Online,2021-07-30,8,23550.010000000002,2943.7512500000003,2024-02-26,1754,368,1386,Inactive
a7a0e704-62be-4d7d-bd51-58c5202d2865,Larry Thompson,Female,32,Offline,2023-03-30,14,36369.21,2597.800714285714,2024-03-10,3656,721,2935,Inactive
8538e326-ef9b-4ecc-bc2b-c1f0b9f14224,Elizabeth West,Female,49,Online,2021-06-19,10,20360.86,2036.086,2024-01-12,2834,656,2178,Inactive
c839ac89-b327-4f71-b270-86d483ae6802,Brooke Lopez,Female,39,Offline,2020-06-07,17,50186.11,2952.124117647059,2024-03-24,2502,196,2306,Inactive
e32af161-1578-4b21-ac9f-7133d9369e08,Amy Hampton PhD,Male,47,Online,2024-04-07,17,43474.75,2557.3382352941176,2024-01-29,763,597,166,Inactive
1c324d38-5a30-4069-a3cd-c45a17bfbceb,Andrew Proctor,Male,43,Online,2022-08-28,12,27323.17,2276.9308333333333,2024-03-04,1848,439,1409,Inactive
c8f852b8-9481-418a-918c-b254e1a55f29,Roberta Morrison,Male,59,Offline,2024-02-12,16,33686.94,2105.43375,2024-03-17,1802,274,1528,Inactive
eb2b0516-94a5-4d00-b283-d968e6aff6dc,Mrs. Ana Moore,Male,47,Online,2022-09-07,14,38082.48,2720.1771428571433,2023-05-20,2586,100,2486,Inactive
2137c28a-cfb5-4b60-935c-fde15830daaf,James Bullock,Male,34,Offline,2023-02-14,17,42602.65,2506.038235294118,2024-04-20,3142,157,2985,Inactive
9c44551c-b10a-41b1-aa62-a5dade7811db,Cathy Williams,Female,31,Offline,2022-10-30,14,41426.590000000004,2959.042142857143,2024-04-26,943,343,600,Inactive
dee7956a-f237-4d85-9254-c176691330d7,Kimberly Young,Female,39,Offline,2020-10-16,12,31824.41,2652.034166666667,2023-09-25,1740,376,1364,Inactive
7dc2fcfa-2a5a-4c07-b636-4597916bbdab,Logan Smith,Female,66,Offline,2021-03-13,11,19858.0,1805.2727272727273,2023-12-03,3787,818,2969,Inactive
36d7c7a8-36ac-42fb-875d-2200c1526f96,John Palmer,Female,23,Offline,2022-11-10,17,49634.84,2919.696470588235,2024-03-19,2517,656,1861,Inactive
acae3f7a-6be1-4bf6-b0c8-d3cabdb9a0d7,Garrett Newton,Male,65,Online,2021-04-25,13,33896.66,2607.435384615385,2023-10-10,2408,797,1611,Inactive
251e24b4-97f5-4343-a17b-097975292170,Thomas Mathis,Female,32,Online,2024-04-19,8,22094.6,2761.825,2024-04-18,2665,964,1701,Inactive
080c2d19-afce-48b8-8026-08c5e6d65ab0,Wanda Wood,Male,66,Online,2023-10-15,14,30108.36,2150.597142857143,2023-12-24,2752,335,2417,Inactive
f2dfa691-3f42-4290-8715-62fdd07aa01a,Nicholas Black,Male,30,Online,2023-01-16,10,23101.32,2310.132,2023-11-11,2135,167,1968,Inactive
2c12edc8-076a-4b8d-8620-9c7cc19ee012,Joseph Jacobson,Male,33,Online,2020-09-11,9,22439.47,2493.2744444444447,2023-02-20,1391,233,1158,Inactive
489e4225-b216-4d20-a06a-6846779c0296,Timothy Foster,Female,60,Online,2023-05-24,12,22939.82,1911.6516666666666,2024-02-27,2306,337,1969,Inactive
554d7316-b981-488e-bcd6-3c5ae6cf5f4e,Lisa Landry,Male,47,Offline,2020-06-04,5,8951.27,1790.2540000000001,2023-12-23,1630,630,1000,Inactive
7d6393a6-2244-48dd-b5b3-13a21e62f4d3,Hannah Reilly,Female,28,Online,2021-08-05,14,35344.32,2524.594285714286,2024-04-18,2207,604,1603,Inactive
6efba231-bad5-46a6-813d-11e2168f9688,Tracy Rojas,Male,37,Online,2021-05-25,14,37647.24,2689.0885714285714,2024-03-14,3509,789,2720,Inactive
7814e86a-24c2-45af-987e-858e80bddb3d,Mr. Mitchell Frank,Male,37,Offline,2023-10-29,7,11447.01,1635.287142857143,2022-11-09,2744,1250,1494,Inactive
30d33055-3b5c-47db-995b-017351edf7b1,Joseph Mclean,Female,63,Online,2020-08-01,8,23902.440000000002,2987.8050000000003,2023-08-15,1581,511,1070,Inactive
d256457c-db36-4d1c-9b8d-255c99a24571,Curtis Branch,Male,55,Online,2022-12-27,14,30029.68,2144.977142857143,2024-02-26,3163,697,2466,Inactive
88122033-19eb-4b43-847f-64da8a583b81,Jodi Rodriguez,Male,62,Offline,2020-08-06,13,27500.25,2115.403846153846,2023-11-12,2735,912,1823,Inactive
695263be-f6ae-46a5-9e25-d6308cdce85e,Andrea Thomas,Male,68,Online,2024-02-20,15,35191.74,2346.116,2024-02-26,1852,875,977,Inactive
ea8481a2-1e0d-4b74-81a7-763159fb9351,Amanda Williams,Female,52,Offline,2021-11-23,12,35402.86,2950.2383333333332,2024-02-10,3080,873,2207,Inactive
02da8432-e11c-443a-8c66-ff7b41a3c475,Joseph Thomas,Female,22,Offline,2020-08-22,17,37158.56,2185.7976470588233,2024-04-23,2831,638,2193,Inactive
0fac5a78-7202-4a91-a523-b8796405458f,Jennifer Murray,Male,44,Offline,2023-03-30,13,30396.980000000003,2338.229230769231,2024-04-23,3273,840,2433,Inactive
b7a4013d-659b-47b2-9a6b-1ccb2f790966,Timothy Nguyen,Male,45,Offline,2021-07-30,15,48956.21,3263.7473333333332,2024-01-28,3007,1345,1662,Inactive
60702b31-b122-4974-8ce1-5e71eee92014,Robyn Adams,Female,63,Online,2022-09-29,18,53188.33,2954.907222222222,2024-01-27,3175,517,2658,Inactive
904484d4-0e0b-472a-89fb-250bc41e11a8,Emily Baxter,Female,29,Offline,2022-06-08,8,23877.4,2984.675,2023-09-09,443,0,443,Inactive
e98bd0c4-63f3-4640-b8f2-2538e7183a17,Patricia Cuevas,Female,47,Offline,2023-08-02,16,48389.68,3024.355,2024-02-26,3856,948,2908,Inactive
5ee0ea31-5f49-466a-a2f5-05a5cecab0f0,Eric Poole,Female,38,Online,2022-03-09,11,22694.809999999998,2063.164545454545,2023-12-07,1983,742,1241,Inactive
1b6eb3ac-e9bd-4c2a-8276-cf941cd10045,Michael Stone,Male,35,Offline,2023-07-05,16,41988.75,2624.296875,2023-07-09,1241,441,800,Inactive
8d3eac34-2069-4900-8d8f-0a79fa971cf8,Ms. Donna Anderson MD,Male,66,Offline,2022-01-23,7,17850.36,2550.0514285714285,2023-05-08,2432,747,1685,Inactive
6a7630d4-9951-4438-bae5-e27a24698437,Robert Moss,Female,39,Online,2024-01-20,17,37369.5,2198.205882352941,2023-08-24,1856,532,1324,Inactive
15dcfcb1-e1dc-409e-8324-2377fe94b41b,Charles Owens,Female,38,Online,2022-12-07,11,29073.53,2643.0481818181815,2023-10-31,1710,72,1638,Inactive
35c1e4e8-0b51-4ecb-990c-4e2879d45f13,Amanda Fleming,Female,31,Offline,2020-07-18,9,31933.77,3548.1966666666667,2024-02-21,1827,773,1054,Inactive
ed33bb87-bdcb-4dca-bc74-8cd271784b8f,Brittany Turner,Female,39,Offline,2020-12-03,9,18472.31,2052.478888888889,2024-02-08,2824,1627,1197,Inactive
86bb0a50-6b10-4be5-9a62-552d15806669,Virginia Farrell,Female,53,Online,2023-12-07,12,29685.760000000002,2473.8133333333335,2023-10-14,4320,1030,3290,Inactive
beb8cdb6-074c-41cf-968c-730c1792c7aa,Melissa Mcconnell,Male,23,Online,2022-08-14,10,24619.46,2461.946,2023-10-03,3439,1426,2013,Inactive
71d8825e-cb23-44f6-b24b-ac3ce1ae644c,Erin Cameron,Female,49,Online,2022-02-12,8,22187.1,2773.3875,2023-03-18,2988,907,2081,Inactive
1e69ef96-4aac-47a0-af91-29d12985c52d,Tanya Potts,Female,59,Offline,2022-01-10,10,26246.07,2624.607,2024-01-21,3468,726,2742,Inactive
575d90c2-7a9b-4300-9697-1be800946fbc,Michael Villa,Female,68,Online,2022-07-18,12,24274.47,2022.8725000000002,2024-03-31,3508,1141,2367,Inactive
b54392b6-4b22-4ee9-aef3-39fbb65b754d,Troy Rose,Male,36,Online,2024-01-11,12,35850.53,2987.5441666666666,2024-04-18,3574,1360,2214,Inactive
df508f0a-46c4-4464-98c1-de9e37ab8c85,Debbie Taylor,Female,62,Online,2022-09-16,17,44051.450000000004,2591.261764705883,2023-12-04,2643,411,2232,Inactive
d989a3bf-b1f7-4283-bffa-a29606f72d88,Lisa Figueroa,Female,60,Offline,2024-03-20,15,34655.97,2310.398,2023-12-22,2505,502,2003,Inactive
ceb8976e-6dd0-4119-9dda-5b5e536b4653,Monica Dennis,Female,53,Offline,2023-11-14,25,66553.2,2662.1279999999997,2023-10-28,3581,1063,2518,Inactive
de3ea85d-a6ee-4e9a-a61c-8aebcfa45325,David Rivera,Female,65,Offline,2021-01-12,7,13500.380000000001,1928.6257142857144,2024-01-20,2415,1095,1320,Inactive
50e51022-d140-45c8-9ab0-19ab59a46f0a,Rebecca Anderson,Female,62,Offline,2021-11-26,12,33693.75,2807.8125,2024-04-09,2737,201,2536,Inactive
9d700542-2f53-4cb8-950c-c59a14f50575,Valerie Butler,Female,37,Offline,2022-04-24,15,40126.18,2675.078666666667,2024-01-05,3675,505,3170,Inactive
1638e2dd-927a-4b72-953a-16691ff004af,Rachel Rose MD,Male,25,Online,2023-03-15,14,42264.43,3018.8878571428572,2024-02-04,4063,914,3149,Inactive
fe572fec-68fa-4ae6-8551-8c2ad4d58eb7,Jeffrey Gomez,Female,25,Online,2021-05-17,14,41017.68,2929.8342857142857,2024-01-21,2395,511,1884,Inactive
c55f5f8b-eda7-4d14-aede-9b7e8639547d,Kevin Lawson,Male,31,Offline,2022-11-12,10,27941.24,2794.1240000000003,2023-11-12,2085,690,1395,Inactive
6ad19732-8604-4798-b3c6-9c4558511b00,Suzanne Cohen,Female,64,Offline,2020-06-23,8,24642.75,3080.34375,2023-10-12,4386,1093,3293,Inactive
48d88047-d24d-404a-b624-e15710345263,David Rose,Male,30,Offline,2024-03-24,10,22390.86,2239.0860000000002,2023-08-06,1673,396,1277,Inactive
18d415f7-84f5-41ab-9891-5dfcc7d30cf1,Brenda Smith,Male,41,Online,2023-04-10,12,31176.63,2598.0525000000002,2024-04-22,1809,62,1747,Inactive
72a085d7-e43f-4bf7-96b5-0795f1cf5f9c,Ryan Spencer,Female,18,Online,2021-04-28,16,40081.24,2505.0775,2024-03-30,4823,1060,3763,Inactive
4468ed3e-6b7f-4332-a12b-0e5fe02b740a,Lori Henry,Female,20,Online,2023-11-30,12,26607.68,2217.306666666667,2023-09-06,1061,26,1035,Inactive
a07a2980-6df5-4431-a53e-f9e9e51cee29,Shane Anderson,Female,62,Online,2020-10-10,19,52208.05,2747.792105263158,2023-09-29,2232,192,2040,Inactive
b135aa12-bb72-4baf-8634-0fc56e63105a,Rhonda Young,Female,24,Online,2020-06-18,16,31222.44,1951.4025,2024-03-24,3674,1037,2637,Inactive
086f5350-c943-435d-a51c-2311e90a491b,Mariah Caldwell,Female,48,Offline,2024-04-27,10,25318.33,2531.833,2024-02-21,2313,600,1713,Inactive
e1b611a2-44a0-47ce-be2e-eb964a768953,Marie Strong,Female,39,Online,2021-11-27,7,25619.19,3659.8842857142854,2024-03-15,1778,241,1537,Inactive
fc066f57-2636-4cfe-92ee-9217713652da,Rebecca Walter,Male,34,Offline,2022-08-20,6,13027.279999999999,2171.213333333333,2024-03-13,3719,736,2983,Inactive
d8947cfa-ecb0-4c54-9ac7-0fb3d023fa76,Kenneth Campbell,Male,70,Online,2021-03-26,10,20434.51,2043.4509999999998,2023-08-21,1306,433,873,Inactive
dcd038e3-dd9b-4782-8acc-a2a133d0e296,Victoria Buchanan,Female,49,Online,2023-01-18,8,18886.74,2360.8425,2024-01-24,2231,108,2123,Inactive
3d14419a-3b09-4ada-a05a-a387b7759a8c,Carlos Mcguire,Male,27,Online,2021-03-22,10,16981.48,1698.148,2024-02-03,4832,1232,3600,Inactive
6e71b2db-eda9-4d0d-bf47-082c143de5b5,Caleb Moore,Female,23,Online,2024-03-17,13,39450.34,3034.6415384615384,2024-03-03,3734,917,2817,Inactive
171042da-cf8b-47b6-b5c6-824220f9a0ef,Laura Roberson,Male,53,Offline,2022-10-12,9,18596.32,2066.257777777778,2023-11-13,2458,747,1711,Inactive
d58b3a09-62a1-47a9-962b-92174de42bb3,Terry Maxwell,Male,67,Offline,2023-09-18,15,34565.09,2304.339333333333,2024-03-21,3390,683,2707,Inactive
1bf73004-1b5a-46cf-8f82-695d29036243,Amy Hughes,Female,46,Offline,2020-06-07,14,35110.1,2507.8642857142854,2024-02-29,3134,1140,1994,Inactive
ab765781-b0a4-4c71-83b1-20f380ba0923,Karina Martin,Female,37,Online,2023-08-06,10,25968.170000000002,2596.817,2024-03-30,1596,249,1347,Inactive
1ccc72ce-9eaf-4c12-88c9-818630ae49e7,Toni Bridges,Male,66,Online,2022-02-04,18,49966.4,2775.911111111111,2024-04-24,2260,377,1883,Inactive
7a0c5d82-8b8a-4e39-b475-0c6a49d2d2e8,Alexis Hernandez,Male,34,Online,2021-04-26,15,34154.97,2276.998,2024-01-08,3222,849,2373,Inactive
00bf6959-c043-41ea-a1a1-25f1db65b0f3,Kristen Ortiz,Male,33,Online,2020-08-20,15,28264.89,1884.326,2023-06-01,1425,615,810,Inactive
874d2bc1-fc14-4a20-923e-55c4a6d3bdc5,Dwayne Kelly,Male,28,Online,2023-06-16,7,19220.16,2745.7371428571428,2024-04-02,1165,627,538,Inactive
4748fcc0-7fca-498c-ab8d-9fccabddf367,Gloria Marshall,Female,46,Offline,2021-11-16,8,20492.579999999998,2561.5724999999998,2024-03-16,2885,609,2276,Inactive
6b9e18ae-61aa-47e6-9d27-e1efea73fb0a,Christina Murray,Female,20,Online,2020-11-15,8,17019.68,2127.46,2023-10-19,4003,1269,2734,Inactive
07836621-aaea-4e13-9d8a-cde4d17c96da,Jason Foster,Female,63,Offline,2022-10-03,9,24688.91,2743.2122222222224,2024-03-02,2624,246,2378,Inactive
c7f8f5a0-21bb-40ed-aec6-ec32a20dd790,Erin Payne DDS,Female,22,Online,2023-09-07,9,23416.46,2601.8288888888887,2024-03-20,3646,723,2923,Inactive
4db489a1-2bd4-4505-a8d5-bc43f17fcf4d,Michael Fields,Female,68,Online,2024-03-14,16,43935.729999999996,2745.9831249999997,2024-03-24,2247,424,1823,Inactive
d8817f03-02da-4dad-ae0e-6a4413c29780,Courtney Perez,Female,25,Online,2020-06-15,18,48122.86,2673.492222222222,2024-03-04,1954,1117,837,Inactive
071fb6d6-0a3d-4186-a9f5-3286e7c1c75e,Richard Mccoy,Male,35,Online,2022-10-16,13,30981.31,2383.1776923076923,2024-04-23,4005,680,3325,Inactive
7489bef3-ab74-486f-9610-991624955d7e,Timothy Lopez,Male,21,Online,2021-06-21,10,26531.04,2653.1040000000003,2024-02-01,324,39,285,Inactive
4dc75353-a9fe-40cc-9e33-4e7c4857b8e7,Jennifer Brown DDS,Female,56,Offline,2024-04-04,11,32546.32,2958.7563636363634,2023-11-30,2018,372,1646,Inactive
04e55975-952e-4af4-a0d2-4350343f7241,Ashley Clark,Female,25,Offline,2020-10-24,12,33336.0,2778.0,2024-04-05,3718,345,3373,Inactive
ab4c202d-ddab-45e6-8981-fbe2bdc272b4,Colleen Fisher,Female,62,Offline,2023-08-13,7,12389.24,1769.8914285714286,2023-09-22,2140,559,1581,Inactive
25d6735a-d115-45ad-bdd8-ab18efb475b1,Dana Flores,Female,50,Offline,2021-09-29,9,18186.13,2020.6811111111112,2023-08-08,1914,463,1451,Inactive
7449f67c-c90e-4e19-bcd7-544941123a9b,Monica Houston,Female,23,Online,2020-05-05,12,27746.06,2312.1716666666666,2023-10-08,4990,1399,3591,Inactive
5dd6b55c-b7c9-456c-a097-db0c7752ef33,Leslie Ortiz,Female,65,Offline,2023-04-13,8,21635.17,2704.39625,2024-03-21,2267,309,1958,Inactive
ed756884-ec3d-4ad8-8d32-84b08b9260ac,Michele Singh,Female,19,Online,2021-11-18,10,27420.690000000002,2742.0690000000004,2023-05-19,2348,1075,1273,Inactive
372138f9-4169-487c-a649-eafc4ff3dc87,David Griffin,Male,61,Online,2022-09-22,9,24314.1,2701.5666666666666,2023-10-11,4050,242,3808,Inactive
78ce6fd7-b142-486c-ba38-775f0067c698,David Collins,Female,54,Online,2021-08-18,12,26633.71,2219.4758333333334,2024-03-11,2481,397,2084,Inactive
d7daa20d-8ad2-430d-9b92-62f4413b578c,Debbie Davis,Male,48,Offline,2021-12-11,11,26290.34,2390.030909090909,2024-02-25,1998,782,1216,Inactive
7cab0216-9b2c-4f95-9677-b83867b9e7b0,Daniel David,Female,29,Offline,2023-10-28,11,16807.93,1527.9936363636364,2023-12-09,2595,766,1829,Inactive
d51365ea-298f-4dab-9bdb-43e9b02b5c4a,Clayton Rodriguez,Female,23,Offline,2020-10-05,14,43554.97,3111.069285714286,2024-01-24,2366,515,1851,Inactive
24fc6b84-5f1d-45d2-8a24-e2b239614659,Melissa Williams,Female,44,Offline,2020-07-08,12,25782.62,2148.5516666666667,2024-04-11,1939,536,1403,Inactive
ea0967fb-493d-4295-87e6-0b2a303b691e,Joshua Walker,Female,60,Online,2023-03-06,10,23771.49,2377.1490000000003,2024-02-14,2498,551,1947,Inactive
83630ff2-347f-4b86-89e2-7c2321e28104,Terry Daniel,Male,39,Offline,2020-10-14,10,29565.29,2956.529,2024-01-04,1511,572,939,Inactive
38e5e365-ff9c-4878-b17e-9d74bddb1e95,Angela Burns,Female,36,Offline,2023-05-13,11,30753.829999999998,2795.802727272727,2023-12-08,2555,588,1967,Inactive
dbc71c5c-ad8a-4f36-a73a-e20479b82e6a,Meghan Goodwin,Male,47,Online,2020-10-26,14,46719.56,3337.1114285714284,2023-11-08,1110,198,912,Inactive
40d61f12-c1c9-42f9-8318-0891aecb82fa,Omar Martin,Female,34,Offline,2023-01-29,6,11516.73,1919.455,2024-04-14,3301,1384,1917,Inactive
b0aef448-14cb-4bb9-a587-c568b49efa23,Katelyn Schneider,Male,67,Offline,2023-08-21,21,62614.3,2981.6333333333337,2024-01-13,2559,492,2067,Inactive
6e2bb3ee-79ce-486d-9415-a594dd76f5d8,Robert Weber,Male,60,Offline,2023-08-29,16,49682.3,3105.14375,2024-03-16,800,131,669,Inactive
e2bc5cd8-375d-4eb0-a9b4-ea0f778bc1bb,Teresa Hale,Female,21,Online,2021-06-14,13,37800.659999999996,2907.743076923077,2024-03-24,2346,597,1749,Inactive
68219a20-a6b2-4c2b-abfe-50cf1a499dfa,Jennifer Wilson,Female,57,Offline,2022-05-08,20,53619.270000000004,2680.9635000000003,2023-09-30,4631,1430,3201,Inactive
f0dbde90-1e53-4f0a-b453-71ee72989bf4,Beth Berg,Female,66,Online,2020-11-26,10,25402.350000000002,2540.235,2023-12-30,4428,1164,3264,Inactive
0d2f3a40-5f1a-43fb-80e0-b097db6c4648,Samuel Mcdonald,Male,35,Online,2023-12-16,13,29487.26,2268.250769230769,2024-03-30,3939,662,3277,Inactive
49135bfc-b4be-4492-a8f1-29909a39d5d6,Keith Doyle,Female,46,Offline,2020-12-20,13,38227.25,2940.5576923076924,2024-03-29,1828,557,1271,Inactive
40d72336-8324-42c8-95fc-1f881a4004d6,Paul Morris,Male,19,Online,2022-09-20,10,27509.72,2750.972,2023-12-03,3024,804,2220,Inactive
9bc7b9d5-44dd-4a43-a48e-9e0e711eb14d,Taylor Williams,Male,37,Online,2020-08-22,19,63992.509999999995,3368.026842105263,2023-11-24,3979,1045,2934,Inactive
e9ab9df8-b344-44c1-8964-f6aee7744639,Henry Hernandez MD,Female,23,Online,2020-10-25,8,14259.279999999999,1782.4099999999999,2024-04-13,3653,503,3150,Inactive
03bfaf37-e0d0-4ac0-ae77-fa671baef681,Juan Washington,Male,47,Online,2023-01-17,6,10403.05,1733.8416666666665,2022-11-18,1754,700,1054,Inactive
9df16cf7-c672-47b2-a198-ab9ae5ba4916,Grace Myers,Male,49,Offline,2020-08-23,12,33157.86,2763.155,2023-06-26,1876,793,1083,Inactive
1e9a1787-04e4-4f22-b079-52ea277196ef,Anne Weber,Female,44,Offline,2023-11-04,13,26184.05,2014.1576923076923,2023-12-23,2956,878,2078,Inactive
f9531c8e-5f0b-46cd-b7ee-ba13eec89cd0,April Diaz,Female,33,Offline,2023-08-11,18,37300.11,2072.2283333333335,2024-01-10,2116,1201,915,Inactive
b67e7876-3b91-46e8-a379-1c74c851ef57,Margaret Morgan,Male,42,Online,2020-09-11,7,14215.03,2030.7185714285715,2023-06-07,2426,264,2162,Inactive
7dbf5d7a-c249-40aa-a773-01550599cdff,Megan Singh,Male,22,Offline,2023-07-10,7,20040.510000000002,2862.9300000000003,2023-11-15,1903,320,1583,Inactive
5e5b08b4-9992-45bf-addd-3550e47060b4,Karen Bishop,Female,39,Offline,2023-09-25,11,28937.58,2630.689090909091,2023-07-26,3636,927,2709,Inactive
cd4fff19-46eb-4072-882d-abfe45a210ad,Tanya Cummings,Male,36,Offline,2024-01-09,12,30072.07,2506.005833333333,2024-03-09,1235,441,794,Inactive
9101a3a1-2731-4032-81d6-ae569ed66a22,Dawn Garner,Female,27,Offline,2022-01-28,14,26284.44,1877.4599999999998,2024-04-26,4108,1007,3101,Inactive
eceb4bfd-57cc-4b8b-b22a-d2464faa5335,Beth Wilson,Female,40,Offline,2021-01-20,8,20288.36,2536.045,2023-12-24,2272,222,2050,Inactive
3d0e5173-1ab5-4134-b20b-a36c2366b79a,Samantha Fitzgerald,Female,47,Offline,2023-07-14,14,26905.09,1921.7921428571428,2024-01-29,3982,1342,2640,Inactive
c60b2fae-b005-4d75-b9af-d1f1ea438726,Wendy Campbell,Male,62,Online,2023-06-12,5,9611.51,1922.3020000000001,2022-09-13,1394,261,1133,Inactive
786a4ee7-73b2-4917-93f6-40838a11148f,Vernon Sanders,Female,32,Offline,2021-06-23,15,42361.48,2824.0986666666668,2024-04-25,2675,441,2234,Inactive
3033e4d5-3f12-495a-90a8-49d0fb472510,Yesenia Sampson,Male,38,Offline,2021-02-24,14,35800.94,2557.21,2024-02-27,1599,254,1345,Inactive
ed871866-2e09-435d-ae59-448ae95e98ee,Christian Spencer,Female,42,Online,2023-07-27,8,25861.81,3232.72625,2023-09-18,1290,628,662,Inactive
593ef4c0-0885-49d4-88d5-e12e77f858fc,Kristi Armstrong,Female,20,Online,2021-05-02,8,26768.95,3346.11875,2024-03-02,1751,753,998,Inactive
f4699cc9-b276-4192-b6aa-fd898c1c05c1,Joseph Brown,Female,24,Offline,2020-07-04,9,20947.57,2327.507777777778,2023-02-13,1083,486,597,Inactive
ee5d9c5f-5ba3-426c-9f7d-81f5a3c38885,Lisa Estrada,Male,51,Offline,2022-11-24,10,24256.65,2425.665,2024-03-13,2546,189,2357,Inactive
df0800be-0209-499d-ac79-a565464e6b57,Robert Dixon,Male,64,Online,2021-10-06,12,35373.18,2947.765,2024-04-01,2937,1163,1774,Inactive
ad9b2b5d-7e4b-4a22-a95a-93157ab03ae1,George Craig,Female,59,Online,2022-05-07,6,16095.779999999999,2682.6299999999997,2023-08-11,3427,874,2553,Inactive
87e61fe3-b43d-430c-a5ff-4ae724b01529,Emily Lawrence,Male,48,Offline,2023-03-03,8,20607.7,2575.9625,2024-02-03,3069,921,2148,Inactive
589716ad-b0cb-4cfc-ad8f-6457fda14228,Jason Gonzalez,Female,57,Offline,2022-11-17,4,7576.5,1894.125,2022-05-02,1827,0,1827,Inactive
3fc77721-3057-49c1-871a-e41dead91587,Valerie Hess,Male,39,Offline,2023-11-14,12,35295.32,2941.2766666666666,2023-06-01,1693,304,1389,Inactive
ebc8acf5-2587-4867-8728-95e214e0fd8b,Robert Baker,Female,58,Offline,2022-11-13,11,23393.82,2126.710909090909,2024-03-06,1284,231,1053,Inactive
9dcfae13-af65-4a93-8cdc-81e9cf1a8fa9,Richard Lam,Male,57,Online,2022-02-15,10,26227.940000000002,2622.7940000000003,2024-01-15,3497,833,2664,Inactive
af0c2b29-fd2e-4797-8591-21b6e0b4ab2c,Rhonda Johnson,Male,58,Offline,2022-09-06,9,25789.09,2865.4544444444446,2024-02-09,2712,606,2106,Inactive
d9c70a6b-d317-40de-b03c-18ce2c6b7f59,Jonathan Brown,Male,65,Online,2021-09-21,11,35476.74,3225.1581818181817,2024-03-13,2877,882,1995,Inactive
0528412a-9c96-41af-99fd-be94646946a7,Jim Wilson,Female,24,Online,2020-12-06,11,26323.03,2393.002727272727,2023-12-30,2394,1265,1129,Inactive
fafb0528-37fe-4136-8cad-658a2c7559e6,Gina Kaufman,Female,28,Offline,2022-04-13,11,30746.48,2795.1345454545453,2024-01-12,840,373,467,Inactive
84de374a-e026-4b96-b58b-64e0c650f72e,Jennifer Johnson,Male,20,Offline,2023-05-23,8,18892.62,2361.5775,2023-07-18,1044,388,656,Inactive
c0e5798c-eecc-4777-a5c0-4812cdbec410,Vincent Ramsey,Male,36,Offline,2021-10-12,17,41756.7,2456.276470588235,2024-02-20,2154,536,1618,Inactive
29ad1a74-2b11-46d1-8b29-1d701ce550d6,Joe Hunter,Female,45,Online,2020-05-11,11,38392.97,3490.27,2023-09-17,3119,312,2807,Inactive
9e7f7bb4-6c1a-4d96-b2ec-d54a1b660ad1,Abigail Cox,Male,51,Offline,2023-02-27,10,21978.04,2197.804,2023-10-03,2601,767,1834,Inactive
1a735f66-9fc3-4ba8-83b8-902916e798d1,Matthew Tran,Male,28,Online,2020-05-26,11,22805.86,2073.26,2024-02-02,1856,248,1608,Inactive
cd6a882d-e42d-47d0-9080-75ddec90eee8,Tabitha Ross,Male,57,Offline,2020-08-02,19,48653.17,2560.693157894737,2024-02-22,2072,390,1682,Inactive
a5ef7148-eab0-4f3b-a07e-7fb3e35d8c6a,Christopher Johnson,Male,49,Online,2023-09-10,16,36741.34,2296.33375,2024-01-23,2426,657,1769,Inactive
adc774f2-cd64-4805-ace7-f78069e05486,Benjamin Yang,Male,47,Offline,2021-04-20,7,16254.29,2322.0414285714287,2024-02-29,1885,695,1190,Inactive
24b4049b-db12-46e9-abbf-f3bae57b65d9,Daniel Lee,Female,34,Online,2023-05-18,16,45526.35,2845.396875,2024-04-17,1482,175,1307,Inactive
6717a727-1ec0-4cd3-ab57-8531962163de,William Lawson,Female,36,Online,2022-09-01,11,27754.57,2523.1427272727274,2023-06-27,2530,173,2357,Inactive
2e0d6993-eab0-420d-a5d8-9d499ab2f69a,Katrina Martin,Male,46,Offline,2020-10-02,11,21821.940000000002,1983.8127272727274,2024-01-19,2418,412,2006,Inactive
d66f096d-df4f-41b6-a731-648b4fc7c0d3,Jordan Moreno,Female,58,Offline,2021-12-25,14,35447.23,2531.945,2023-10-15,4022,992,3030,Inactive
50d68fbc-ec07-412d-8d9e-168beb3d440e,Vanessa Hines,Female,47,Offline,2022-07-10,20,43751.97,2187.5985,2023-12-25,2658,776,1882,Inactive
0b8b463a-f165-4d65-bf94-d74cc595f1bc,Roy Evans,Male,42,Offline,2021-02-07,9,24735.309999999998,2748.3677777777775,2023-12-06,3761,1340,2421,Inactive
be28ee6f-7d99-4d04-babf-bff204fd9b9a,David Davies,Male,33,Offline,2022-08-09,9,21728.05,2414.2277777777776,2023-11-10,2708,494,2214,Inactive
f5b31656-a1a5-42ec-a4ec-96f05d15ed25,Robert Mendoza,Female,54,Offline,2022-09-30,10,25005.77,2500.577,2024-01-21,3552,601,2951,Inactive
e3a40668-0725-41fc-a229-0fb3c30cdc16,John Edwards,Female,19,Offline,2023-08-12,13,39486.03,3037.386923076923,2024-02-21,2106,618,1488,Inactive
c979af30-7abe-4cd5-9970-84ca3d596f6e,Briana Hill,Female,18,Online,2024-01-15,9,18326.44,2036.271111111111,2023-09-03,1481,77,1404,Inactive
62341aba-e91f-42bb-b5d6-5c84e3e0b21c,Alison Bowers,Female,36,Online,2021-06-08,14,25444.9,1817.4928571428572,2024-01-07,1895,446,1449,Inactive
a696dfc1-c779-46e1-95c5-01fdb5a48c37,Toni Cole,Female,32,Online,2024-02-28,9,26788.39,2976.487777777778,2023-10-24,1699,234,1465,Inactive
3516f7f5-0b0a-4afb-8312-02e53e7397bf,Aaron Wolfe Jr.,Female,61,Online,2023-03-04,12,34137.71,2844.8091666666664,2024-01-04,1250,331,919,Inactive
de990541-e990-4ed0-9b22-28d6eda95ee9,Danielle Harris,Male,58,Online,2021-05-23,10,26911.899999999998,2691.1899999999996,2024-04-22,2227,534,1693,Inactive
5efdcb37-4f97-4f5f-995b-8c1e1c787365,Kathryn Brown,Female,68,Offline,2021-04-30,10,27929.03,2792.903,2023-08-12,1968,283,1685,Inactive
12e23c21-b3f0-49e4-ae19-0fa6ae3ad198,Elizabeth Garza,Male,55,Offline,2022-12-11,9,25675.45,2852.827777777778,2024-01-16,2661,962,1699,Inactive
b01e50ad-df98-4aff-97cc-0a4eb3e0728a,David Humphrey,Male,23,Offline,2023-03-25,11,27143.05,2467.5499999999997,2024-02-12,3123,1021,2102,Inactive
152d3158-9abf-4f6d-8792-aec712a5a983,Peter Simon,Female,65,Offline,2023-03-11,10,32681.86,3268.186,2024-04-04,2631,709,1922,Inactive
5a71554a-a1ef-4a37-a706-6082569aefc8,Mrs. Samantha Burns,Male,30,Online,2021-04-03,13,32454.239999999998,2496.48,2024-01-16,2063,190,1873,Inactive
26bedb57-50cf-4702-a371-3fbdc8a9a445,Ashley Young,Female,51,Offline,2024-02-12,10,21610.9,2161.09,2024-03-09,1987,136,1851,Inactive
7c41b61f-a7e5-49ac-aab6-796db361efdd,Heather Yu,Male,34,Offline,2024-02-13,7,16100.04,2300.0057142857145,2022-07-17,3750,839,2911,Inactive
db28a8bb-a77a-4d65-8cc0-7878b08f91bf,Joshua Hunter,Female,65,Offline,2023-04-01,18,47784.8,2654.711111111111,2024-01-30,2955,1176,1779,Inactive
c2dae8fa-9f4e-4a4a-8f16-6528380debc2,Tyler Hunt,Male,47,Online,2023-11-10,12,30129.82,2510.818333333333,2024-01-28,2626,726,1900,Inactive
4f25ea28-a224-468b-a10b-ada77b50040f,Vickie Reyes,Male,66,Online,2022-08-18,13,38929.1,2994.5461538461536,2024-03-31,3147,810,2337,Inactive
0f136bf5-243a-4309-8da5-141c5c39d31a,Thomas Ramos,Female,69,Offline,2021-07-20,16,56679.64,3542.4775,2024-01-20,1608,666,942,Inactive
08e37675-5177-4ffc-9f9a-98caa8e841af,Darrell Villarreal,Male,68,Offline,2021-01-19,10,22501.379999999997,2250.138,2024-01-30,1097,387,710,Inactive
982ac493-37bc-4257-9308-0ea7750b11db,Michael Rasmussen,Male,34,Online,2021-04-09,9,14876.789999999999,1652.9766666666665,2024-02-24,4211,1216,2995,Inactive
35d2976b-3ee7-4243-a2c7-e676105e2ade,Michelle Dennis,Female,41,Offline,2024-01-12,12,25402.870000000003,2116.9058333333337,2024-02-21,1974,154,1820,Inactive
248d14bb-9f7c-491a-a8ba-14afa005ef28,Daniel Shannon,Female,70,Offline,2023-05-19,16,42356.07,2647.254375,2024-01-19,2134,534,1600,Inactive
4d41f05f-3079-45ba-944f-f4ea4aaf8503,Lisa Harris,Male,61,Online,2023-05-26,9,23648.13,2627.57,2024-04-15,2930,1533,1397,Inactive
cd2c9c93-b0ca-4734-9313-143e5a0946bc,Cindy Gomez,Female,19,Offline,2023-08-31,22,56750.41,2579.564090909091,2024-01-27,2062,817,1245,Inactive
db93cdb1-b730-4a9f-8aa2-aff08ac4623a,Danielle Wilson,Male,59,Online,2021-06-24,9,23741.7,2637.9666666666667,2023-11-11,2092,357,1735,Inactive
2f6ec1e1-54d7-4ade-b0a5-78a84cc97b92,Marcus Gaines,Female,62,Offline,2023-08-19,7,21052.85,3007.5499999999997,2023-07-18,2208,640,1568,Inactive
20b97167-c581-4c8e-90c1-45dd36838d0e,Samantha Moore,Female,25,Online,2023-05-07,12,31258.7,2604.891666666667,2024-04-12,2162,425,1737,Inactive
4039f711-fb77-4a14-89d3-b2825197fcc6,Lisa Banks,Male,20,Offline,2020-06-23,8,22020.059999999998,2752.5074999999997,2023-08-10,2478,250,2228,Inactive
1bf60730-60e7-4265-b7d1-1b84149845fd,Angela Schmidt,Female,25,Online,2021-06-01,16,38719.59,2419.974375,2024-02-13,2586,271,2315,Inactive
b136e9f6-20bd-448a-902b-7bbddc8614b7,Laura Phillips,Male,52,Online,2020-09-05,13,28452.21,2188.631538461538,2023-11-17,1461,214,1247,Inactive
baa1b71b-66e9-45cf-8a8f-1fce44726caf,Michael Coleman,Female,47,Offline,2022-09-24,14,37979.86,2712.847142857143,2023-10-27,3183,1129,2054,Inactive
46380e5b-4b3e-4815-8d27-28862960fc2b,Linda Shaffer,Female,55,Online,2021-02-03,15,38332.91,2555.5273333333334,2023-08-31,2680,1382,1298,Inactive
1e1524af-7927-42b8-852f-ace50ee8b3a8,Tiffany Durham,Female,59,Online,2024-03-01,12,32725.760000000002,2727.146666666667,2024-04-06,2811,1002,1809,Inactive
07c0b290-b678-454f-be53-d34caa761168,Aimee Coleman,Female,57,Offline,2023-11-03,12,29439.649999999998,2453.3041666666663,2024-03-09,959,389,570,Inactive
162abad7-7565-4481-8a8d-07e069f63ce2,Garrett Weaver,Female,20,Offline,2022-05-03,14,34892.62,2492.3300000000004,2024-03-13,1362,331,1031,Inactive
a38b38a2-c484-4d58-aed9-457a77db3586,Misty Thomas,Male,46,Offline,2022-05-16,10,28233.050000000003,2823.3050000000003,2024-01-21,2522,868,1654,Inactive
6b5449bf-53fa-42dc-955f-fdb7b573c047,Mr. Timothy Foster,Male,41,Online,2023-04-23,9,19967.73,2218.6366666666668,2023-05-21,3733,870,2863,Inactive
3fee59db-f8b3-4cb8-a38e-05564779df0d,Renee Savage,Female,52,Offline,2021-03-02,9,21423.16,2380.351111111111,2023-12-30,2754,169,2585,Inactive
f55d1928-6c74-419c-a996-862261c6af0f,Nancy Kramer,Male,43,Offline,2023-04-11,16,50073.46,3129.59125,2024-02-07,2775,820,1955,Inactive
5bc32e32-5986-47d2-adf1-3bdf8aa797a6,Angela Smith,Male,25,Offline,2021-12-19,13,22236.449999999997,1710.4961538461537,2023-11-25,1454,401,1053,Inactive
315a2bbe-1898-439e-a147-a4d4a7363d95,Bradley Leonard,Male,60,Online,2021-08-16,9,32973.89,3663.7655555555557,2023-06-24,1464,406,1058,Inactive
c0950101-d8d6-4b55-bc21-e4cc724b0ce4,Christopher Nichols,Male,21,Offline,2022-04-12,18,54235.36,3013.0755555555556,2024-04-25,3475,526,2949,Inactive
28659e41-4362-49a7-8fad-53654dfeb115,Anna Hill,Male,26,Online,2022-07-07,7,19535.68,2790.8114285714287,2023-12-14,2785,435,2350,Inactive
60f0fbea-26a6-4023-b3aa-1d72d132bbd3,Jeremy Foster,Male,66,Online,2022-01-21,9,13261.92,1473.5466666666666,2023-07-21,2607,1093,1514,Inactive
e46cfd8f-7263-49f1-8af4-c8bbd5a78049,Jonathan Griffin,Male,70,Online,2023-04-07,15,35719.31,2381.287333333333,2024-03-25,2936,782,2154,Inactive
93979f6a-a5fc-4e6b-acc4-6b47a335fe1f,Robert Roberts,Female,67,Online,2020-07-19,16,40491.47,2530.716875,2024-03-20,2099,501,1598,Inactive
896376c2-1f8d-4ca9-91bd-f92f8127d65d,Jeremy Cook,Male,35,Online,2023-01-22,24,48810.03,2033.75125,2024-04-27,576,67,509,Inactive
9e3216d3-8897-4ecf-aca0-55669b432166,Lee Bird,Male,52,Offline,2023-08-30,7,15594.9,2227.842857142857,2024-01-14,2244,637,1607,Inactive
c7f8654d-6c61-4bb1-b287-8edbb8b07e68,Michelle Harrison,Male,25,Online,2022-09-29,10,25306.690000000002,2530.6690000000003,2024-01-28,3044,327,2717,Inactive
c7b40929-327e-4954-8dc9-434008d52caa,Christina Wallace,Male,18,Offline,2022-07-06,16,40911.56,2556.9725,2024-03-15,3529,676,2853,Inactive
b45f3e00-45b9-46f9-abf2-74c597194259,Kelly Baker,Male,55,Offline,2021-02-05,9,19894.68,2210.52,2024-03-20,3994,1439,2555,Inactive
de5a4225-42bf-422c-93b9-af8d5e2773c0,Christopher Stone,Male,29,Offline,2021-07-23,12,27222.72,2268.56,2024-03-13,2793,253,2540,Inactive
da94bde0-5a45-4538-b288-f30de7bd62a3,Amy Wright,Male,26,Offline,2022-10-03,18,49544.48,2752.4711111111114,2023-12-19,2705,853,1852,Inactive
19a05578-845a-497e-8624-e5e4221609af,Micheal Suarez,Male,65,Online,2022-02-04,15,32619.75,2174.65,2023-10-14,1245,168,1077,Inactive
f02c6bdb-57d1-443b-8c8e-0ed0da010e4b,Deanna Hatfield,Female,46,Offline,2021-02-02,14,41370.63,2955.0449999999996,2024-03-25,3665,810,2855,Inactive
85c68417-481d-41ff-8237-0ebcf29af1a4,Brendan Dixon,Male,46,Online,2021-06-27,7,19237.6,2748.2285714285713,2023-10-24,2838,1158,1680,Inactive
6b580239-d2ec-433c-b282-446d4a9d0b62,Omar Lewis,Male,64,Offline,2020-06-06,11,27068.77,2460.7972727272727,2023-08-13,2687,1034,1653,Inactive
3fa037be-7191-4a64-bb84-2d728d6944be,Gary Walker,Female,59,Online,2022-06-27,12,28949.7,2412.475,2023-11-22,2012,477,1535,Inactive
1cb0df4d-1925-409f-8021-6c5b365bdc17,Todd Phillips,Male,48,Offline,2023-05-30,12,29900.489999999998,2491.7075,2024-03-17,2089,761,1328,Inactive
094cb155-f4c8-4caa-8331-2f34a2da2229,Brian Roberts,Female,61,Online,2024-01-07,6,21119.0,3519.8333333333335,2023-10-19,3245,569,2676,Inactive
2ebf8239-ff59-4e7f-9512-5b969cc06df5,Daniel Hughes,Female,63,Offline,2023-08-06,9,25090.09,2787.7877777777776,2023-12-25,2891,1347,1544,Inactive
250ed68a-2004-481a-a45e-b8e82e593b5c,Brandi White,Male,23,Offline,2023-08-18,16,38621.08,2413.8175,2024-03-04,1776,139,1637,Inactive
c1420804-1519-4ec6-ac7f-d859cb1de3b9,Mikayla Chavez,Male,22,Online,2023-03-14,14,33267.64,2376.2599999999998,2024-02-08,3599,1102,2497,Inactive
1e56ee9e-13c1-435b-92e7-bdc3386bcee7,Renee Welch,Female,57,Offline,2022-07-26,16,40331.03,2520.689375,2024-03-19,2618,104,2514,Inactive
4a578f99-f4a0-4770-ba0a-c2c28980c223,Taylor Gonzalez,Female,56,Offline,2024-02-05,17,44154.79,2597.340588235294,2024-04-14,1563,25,1538,Inactive
d98ff6f4-9f05-43f0-b30d-7c07e9719712,Charles Smith,Female,50,Offline,2020-09-14,10,28585.17,2858.517,2024-02-12,3233,1052,2181,Inactive
0d23f596-1aac-471f-8b3c-8b1ccc023e36,Robert Wilson,Male,68,Online,2024-01-08,7,17000.75,2428.6785714285716,2024-04-26,2678,419,2259,Inactive
811db256-aefc-42f6-8c51-513c5b59c98a,Ana Walker,Male,45,Offline,2022-03-22,7,11536.43,1648.0614285714287,2024-03-24,2157,423,1734,Inactive
ab765f25-c7a6-4a57-a343-9e75f0d63dfe,Brandi Hunter,Male,44,Offline,2021-08-25,15,32610.29,2174.019333333333,2023-10-17,2853,1038,1815,Inactive
cd3be75a-0edd-4518-a893-102cf1f5ea1c,Gerald Gallegos,Female,43,Offline,2023-10-11,11,19951.91,1813.81,2023-11-06,2401,324,2077,Inactive
c3d57499-3c99-4d31-a2d8-53fdd0491417,Mary Pacheco,Male,38,Offline,2020-09-09,9,23558.02,2617.557777777778,2023-09-23,2918,147,2771,Inactive
3b56af5e-1ae3-4d94-9343-a5cd7309a661,Logan Clark,Female,60,Offline,2022-04-25,12,32290.83,2690.9025,2024-03-25,527,261,266,Inactive
93904d76-5975-49e7-9b49-c89572ad6540,Denise Salazar,Female,27,Offline,2023-03-25,16,43158.89,2697.430625,2024-04-04,1664,772,892,Inactive
b9066cfa-1166-49e4-be88-b95f29f6dd42,Melissa Ward,Male,23,Online,2021-04-26,9,26409.6,2934.3999999999996,2024-04-27,2920,753,2167,Inactive
248a0f73-d14b-47b0-840d-2e4a8dfead09,Mr. John Erickson DDS,Male,45,Online,2021-08-09,6,21522.94,3587.1566666666663,2023-03-24,3166,618,2548,Inactive
c5fb5ba2-ccd8-4f67-9343-f4528621389a,Bradley Taylor,Female,69,Online,2022-09-30,13,31152.51,2396.346923076923,2023-09-16,2295,469,1826,Inactive
234c5c05-2c7d-4d78-aa08-48197d06a029,Paul Elliott,Male,55,Offline,2021-03-03,10,17907.45,1790.7450000000001,2023-11-05,3512,756,2756,Inactive
83e90647-5ff3-41f9-a291-0dbde742c4c1,Hannah Powell,Male,44,Offline,2021-07-25,12,21931.84,1827.6533333333334,2024-02-28,2988,981,2007,Inactive
8a7e6861-7ce2-4278-b324-f54c3cc0685e,Tracy Espinoza MD,Female,64,Online,2021-09-10,9,25839.86,2871.0955555555556,2024-04-05,2225,148,2077,Inactive
965f02cd-e419-42ea-837d-4f6db3df663f,Crystal Smith,Female,56,Offline,2022-12-20,11,25552.670000000002,2322.9700000000003,2024-02-02,2478,538,1940,Inactive
38b6b3c4-e15f-4e39-8d3a-81aa705d4335,Kent Hayes,Female,24,Online,2022-06-01,18,44838.880000000005,2491.048888888889,2024-04-24,2532,270,2262,Inactive
e5e50c20-d16b-405b-9f55-93fb34853122,Allison Lawrence,Male,60,Offline,2020-10-29,15,33312.16,2220.8106666666667,2024-03-27,2325,477,1848,Inactive
595f6ce6-d59c-43a0-b65c-9c53cf6d8cc4,Linda Duncan DDS,Male,24,Offline,2023-08-29,15,35517.88,2367.8586666666665,2024-04-22,1588,803,785,Inactive
79d3e44b-16ac-4982-92f8-b1623fc20ec3,Karen Delacruz,Female,25,Offline,2021-10-10,11,25339.93,2303.63,2023-12-22,1110,211,899,Inactive
0c08361c-c0bd-4368-abfc-0551b2a81c59,Melissa Tucker,Male,69,Offline,2020-06-12,10,12736.46,1273.646,2024-02-21,5176,1163,4013,Inactive
f64acf6b-8018-4de6-a83a-429306a05671,Wesley Welch,Male,56,Offline,2023-01-20,7,17230.17,2461.452857142857,2023-05-23,4100,1512,2588,Inactive
05ba42d9-84da-4e4e-91ff-e66c6b909ab2,Steven Wright,Male,29,Offline,2023-03-28,17,45435.0,2672.6470588235293,2024-02-11,2252,704,1548,Inactive
bc7f7fa6-ec6d-497e-9e19-eca544ebdbe9,Marilyn Hernandez,Female,39,Offline,2020-09-15,16,39454.88,2465.93,2024-03-23,1531,396,1135,Inactive
aeabf806-80ee-4d94-ad33-53d89019302e,Steven Hickman,Male,29,Online,2022-05-22,6,14290.43,2381.7383333333332,2023-09-10,1320,85,1235,Inactive
0b906b31-c466-42a7-97fe-6035bc41a69e,Billy Evans,Female,22,Online,2020-09-12,13,37346.42,2872.8015384615383,2023-11-07,1442,366,1076,Inactive
e3902f01-25c9-4abb-939f-9995dbe437ae,Alexander Mclaughlin,Male,23,Online,2022-06-25,9,24849.170000000002,2761.0188888888893,2024-04-11,3807,1298,2509,Inactive
b6e1e4ab-c82b-40e1-b8c9-61e72720eb3b,Jonathan Howell,Female,44,Offline,2022-01-05,12,30846.94,2570.5783333333334,2024-04-21,2165,594,1571,Inactive
d689fb26-ef32-4797-8346-0ce4e07b3d2e,Timothy Walker,Female,28,Offline,2021-06-10,13,24696.2,1899.7076923076925,2024-02-24,1383,764,619,Inactive
e98acdbf-fe86-4876-8c66-4bdfa94e2f41,Joy Evans,Female,64,Offline,2024-02-15,9,31529.45,3503.2722222222224,2024-03-07,1231,615,616,Inactive
07235df7-3dbf-49de-bac1-563c97bb7dee,Jason Jacobs,Male,21,Online,2020-06-19,16,46575.1,2910.94375,2024-02-28,2129,871,1258,Inactive
9313839a-6ca9-4ccb-920d-3073ed606fd5,Laura Barnes,Male,66,Online,2022-12-29,14,22022.7,1573.05,2024-04-20,2034,285,1749,Inactive
c126d9f5-676b-4e27-b2b4-5bbbcf8ecaab,Christina Green,Male,35,Offline,2021-03-30,11,26651.21,2422.8372727272726,2023-08-05,4019,743,3276,Inactive
6fd2f82a-9bf9-4f05-8405-2cfb86caa113,Rebecca Lee,Female,49,Offline,2022-11-10,10,26494.309999999998,2649.4309999999996,2023-09-23,3178,972,2206,Inactive
52cfdff8-0506-48fd-bf35-40b72cf9cd0b,Evan Lindsey,Female,35,Online,2024-01-24,12,34891.08,2907.59,2024-03-11,2372,697,1675,Inactive
1271e0e5-4e18-4d55-bc65-318c4d92aea7,Mark Bates,Male,40,Offline,2022-05-16,12,35392.44,2949.3700000000003,2024-04-22,1657,435,1222,Inactive
4d6b6dff-2fda-40fd-8e13-cdc64f5da3e1,Andrea Fernandez,Male,36,Offline,2021-03-31,13,35561.6,2735.507692307692,2024-03-22,1794,644,1150,Inactive
3a5f9b3b-519b-4e4b-8948-752d0db2c7d7,Roberta Williamson,Female,20,Online,2021-02-23,13,33071.84,2543.987692307692,2024-03-13,2859,1001,1858,Inactive
974bdb2e-b272-4e63-b768-ff5f705d24e4,Gregory Wood,Female,56,Online,2021-02-11,13,32557.83,2504.4484615384617,2024-02-07,2038,730,1308,Inactive
32314849-1657-47fe-9cae-9d696d436f3f,Lisa Hicks,Male,31,Offline,2020-11-11,13,39753.45,3057.957692307692,2024-02-01,3460,1006,2454,Inactive
5230345f-2e67-4c32-8e60-c01eb6f5fab6,Ricky Page,Male,67,Online,2022-09-28,14,39775.42,2841.1014285714286,2024-02-28,2109,514,1595,Inactive
7bfb4997-38dc-4410-8a87-2ee0a2afd6aa,Devin Prince Jr.,Female,36,Offline,2023-05-20,16,40412.43,2525.776875,2024-04-17,2237,651,1586,Inactive
4c128436-1b37-449f-bfde-52cb42d9a4ee,Daniel Wilson,Male,18,Offline,2023-02-10,12,25979.809999999998,2164.9841666666666,2024-02-18,2114,329,1785,Inactive
8d95761a-93b7-4796-bedd-dac4c05fa11f,Lisa Fields,Female,29,Online,2021-02-15,10,13489.529999999999,1348.953,2023-10-09,2422,893,1529,Inactive
b17d992b-8875-4138-9fe6-23f585ea71cb,Jasmine Duke,Female,52,Online,2023-11-07,14,40748.26,2910.59,2024-04-14,3820,908,2912,Inactive
be747c05-312c-4501-8c6c-ed4dd3d0102f,Mike Rangel,Female,22,Offline,2021-04-02,9,35413.77,3934.863333333333,2024-04-05,1522,797,725,Inactive
d363295b-630f-4d17-992a-6f3a09f84276,Kathryn Duarte,Male,45,Online,2022-06-11,14,34731.18,2480.7985714285714,2023-11-16,2721,688,2033,Inactive
99ea8c64-dcdd-418c-8a4d-951a260c96d0,Adrienne Roberts,Female,22,Offline,2021-02-02,9,18967.61,2107.512222222222,2024-03-23,2858,401,2457,Inactive
9221494e-dd9a-4d35-bc18-3f6b1205313d,Gary Vaughn,Female,54,Offline,2023-07-17,9,15475.35,1719.4833333333333,2023-10-09,1772,446,1326,Inactive
4aa771fd-74c6-47a9-8754-68eb85365b07,Colton Heath,Female,36,Online,2022-08-07,13,35742.45,2749.4192307692306,2023-12-18,3178,750,2428,Inactive
07243450-c87f-4546-99f0-c59de337b2bb,Christopher Reese,Female,19,Offline,2021-02-20,19,47287.12,2488.795789473684,2023-12-06,3625,699,2926,Inactive
f2c06f1a-ac17-437f-b535-fc822e1a4676,Mark Sexton,Male,69,Offline,2021-07-13,8,24103.61,3012.95125,2024-01-22,1863,647,1216,Inactive
2710016e-91ff-4705-95b8-0b5b326db77a,Daniel King,Female,23,Offline,2020-05-22,11,26158.989999999998,2378.0899999999997,2024-02-27,3837,808,3029,Inactive
81924014-2d67-4ec4-a96e-7bd94ee0fb0b,Nicole Henson,Male,33,Offline,2023-06-15,17,46697.39,2746.905294117647,2024-02-22,1173,85,1088,Inactive
e7bb0e37-7d88-4620-a54f-be14561b649b,Joanna Davis,Female,51,Online,2024-04-14,12,31308.84,2609.07,2024-04-27,2415,994,1421,Inactive
c5510b3d-2627-496f-bd7e-02916f0d3e8d,Timothy Rodgers,Female,37,Offline,2023-04-02,14,31445.59,2246.1135714285715,2024-04-13,2031,417,1614,Inactive
fe23043e-d895-461d-b573-af60093eb604,Keith Woods,Male,39,Online,2024-03-24,7,13815.140000000001,1973.5914285714287,2023-06-22,3036,1994,1042,Inactive
7d5965c4-58ee-49a8-9c25-a90bdad4fce5,James Vargas,Male,50,Online,2021-01-01,11,29891.98,2717.4527272727273,2023-10-21,3068,732,2336,Inactive
2bf2c622-6060-48fd-8685-ac66bea3d725,Larry Dixon,Male,67,Offline,2021-05-14,8,24171.54,3021.4425,2024-01-11,2467,693,1774,Inactive
adacf4eb-2c74-4693-9d6b-e16834eef22e,Christine Thompson,Female,64,Online,2020-08-15,8,26462.48,3307.81,2024-01-04,3171,727,2444,Inactive
a857277a-c059-428a-8c47-09608b8887f6,Vickie Griffin,Male,24,Online,2021-03-21,8,21101.57,2637.69625,2023-08-20,3115,401,2714,Inactive
95e93722-e506-4997-832f-582284528bed,Scott Pearson,Female,30,Online,2020-12-18,13,37088.31,2852.9469230769228,2023-09-11,2338,714,1624,Inactive
8e0b03e7-fbc5-4544-bcbc-218413a306f8,Brent Anderson,Male,66,Online,2023-01-11,12,32737.489999999998,2728.1241666666665,2024-01-14,1190,180,1010,Inactive
358f1113-2a7c-4429-9da9-48faf8e1e49f,Diane Harrison,Male,67,Offline,2023-04-15,9,17861.16,1984.5733333333333,2024-01-29,3014,741,2273,Inactive
dea35122-e4bf-4d34-9a65-a4b4403cc803,Meghan Fisher,Female,66,Offline,2023-01-09,10,19766.77,1976.6770000000001,2024-02-28,3929,1578,2351,Inactive
e4c348ab-6526-4a89-829a-64b5cf87392c,Seth Johnson,Female,58,Offline,2021-01-31,18,46120.17,2562.2316666666666,2024-04-17,3208,928,2280,Inactive
09730510-73af-4201-9303-1cd810dbf16b,Christopher Stephens,Male,46,Online,2020-05-22,10,23952.980000000003,2395.2980000000002,2023-05-08,2301,590,1711,Inactive
0eaaadef-84b9-4377-a8db-d6ed2bdddfe8,Abigail Colon,Female,46,Offline,2022-11-10,11,21619.38,1965.398181818182,2024-04-01,3728,730,2998,Inactive
c4c91c88-0d38-4879-84bc-91daf78b3d47,Christopher Jones,Female,55,Online,2023-07-22,12,30140.39,2511.6991666666668,2024-04-16,2805,255,2550,Inactive
9dcdcf3a-8cfc-469f-80be-d9e37b6433df,Phillip Anderson,Female,50,Online,2022-07-21,12,35063.57,2921.9641666666666,2024-01-24,1389,423,966,Inactive
e916a47e-1fc1-4aff-89b0-7307ac886bba,Melinda Martin,Female,47,Offline,2022-08-01,11,24531.6,2230.1454545454544,2023-08-03,2819,1035,1784,Inactive
b7e314b9-9d6c-4fe0-b852-fdc65d212ceb,Amanda Collins,Male,21,Offline,2020-11-09,12,32920.32,2743.36,2023-05-08,2278,642,1636,Inactive
07b76520-7e34-449d-a288-932a402f2e86,Mallory Gonzalez,Female,22,Online,2021-10-07,8,18234.8,2279.35,2023-10-12,3017,1068,1949,Inactive
b492ee64-b810-4c6c-a605-b06975612a6a,Peter Shepherd,Female,47,Online,2023-07-13,13,29599.67,2276.897692307692,2024-04-16,1685,657,1028,Inactive
64587316-7f8d-45a5-911c-07ea9d5e7682,Michael Kaiser,Female,69,Online,2021-12-15,3,4810.68,1603.5600000000002,2023-04-18,1224,281,943,Inactive
5ee87c18-2592-4ad7-a1c9-32704567d230,Cynthia Wall,Female,56,Offline,2023-10-30,7,20292.74,2898.9628571428575,2023-12-08,3511,1084,2427,Inactive
061d5f64-c90a-4113-bdf7-6222d266ef04,Tiffany Reed,Male,21,Offline,2022-01-24,7,16763.86,2394.837142857143,2023-10-30,2963,913,2050,Inactive
133d5754-efbd-406e-9889-71715ee52e9d,Jennifer Hicks,Male,69,Offline,2021-11-19,7,21617.52,3088.217142857143,2023-10-16,2926,678,2248,Inactive
621248db-c5fe-4aa7-9689-316ad48a81a2,Ross Sharp,Male,50,Online,2020-11-05,8,23000.04,2875.005,2023-10-27,2223,296,1927,Inactive
928aac98-47a2-4eda-90e5-e2d3cac65dc0,Zachary Hernandez,Male,33,Offline,2024-02-02,15,43032.07,2868.8046666666664,2023-10-17,3326,1280,2046,Inactive
7cf05d15-8f41-46e8-9b45-7f126f60b573,Yvonne Stone,Female,51,Online,2021-06-05,16,53251.14,3328.19625,2024-04-07,1286,191,1095,Inactive
1b53413b-3059-4421-b366-6661afec2bfe,Glenda Barnett,Female,41,Offline,2022-02-12,14,34432.7,2459.4785714285713,2023-10-01,2686,967,1719,Inactive
e8d6d550-9e1b-49c6-9589-959408ffde70,Cynthia Neal,Female,44,Offline,2022-03-09,20,58585.81,2929.2905,2024-01-01,3393,1433,1960,Inactive
9d7b14f9-6bc0-4b81-b688-fcbb70013802,Tina Blake,Male,68,Offline,2023-04-28,15,33969.17,2264.6113333333333,2024-01-08,1760,331,1429,Inactive
54b59e8c-2022-40da-a0fd-75450b8e6f2e,Heather Cook,Male,39,Online,2021-07-09,12,22833.12,1902.76,2023-11-04,3106,1024,2082,Inactive
c7263487-1695-4448-80f4-b6de532f28bc,Brian Reyes,Female,36,Offline,2020-04-30,18,39993.19,2221.843888888889,2024-02-12,1911,149,1762,Inactive
5b8a5731-2c2e-4139-8c28-4abb94c9a9c5,John Smith,Male,39,Online,2022-09-08,12,35241.11,2936.7591666666667,2023-11-13,2322,636,1686,Inactive
c0b81e35-63b0-4f50-bd70-02df88a85ca3,Tyler Fuller,Male,40,Offline,2021-04-27,11,30939.510000000002,2812.6827272727273,2024-04-03,3553,663,2890,Inactive
ca282820-f014-42d2-b600-29b8f9b041b2,Jose Anthony,Female,26,Online,2021-11-22,9,29852.65,3316.961111111111,2024-02-06,2147,747,1400,Inactive
278298e4-d863-4559-8c88-ef8b320ede3e,Diana Phillips,Female,53,Offline,2022-11-26,12,31974.48,2664.54,2024-02-27,2517,565,1952,Inactive
2f6f2591-5e22-4d9f-b1f1-3e2e19efc29e,Kevin Arellano,Female,70,Online,2020-10-24,14,29890.56,2135.04,2024-02-25,2234,104,2130,Inactive
f84df954-0ae5-4421-9eba-9ab837a90540,Elizabeth Stewart,Male,59,Offline,2024-01-06,16,32364.86,2022.80375,2024-03-20,4026,263,3763,Inactive
b56db7a6-58bd-477d-b712-40c259798b1f,Michael Curtis,Female,19,Offline,2023-04-17,14,41513.83,2965.2735714285714,2024-03-03,3304,1050,2254,Inactive
865b2738-a5bf-44f7-9eea-0a6b0361e081,Matthew George,Female,29,Online,2021-07-24,16,38347.32,2396.7075,2024-04-09,3195,407,2788,Inactive
8e166a49-5e05-4b3a-a9c5-a46bd7b15c70,Christopher Matthews,Female,67,Offline,2023-07-22,13,23834.96,1833.4584615384615,2023-03-08,2161,1044,1117,Inactive
